,aucs,params,time
0,1.4475445619619944,"(1, 0.0, 0, 1000)",31.289399630399952
1,1.2910636735532215,"(1, 0.0, 0, 1500)",41.133287331211086
2,1.2490440707653763,"(1, 0.0, 0, 2000)",54.5516796129117
3,1.3935371146044309,"(1, 0.0, 0, 2500)",68.75585695947387
4,1.3022316194194206,"(1, 0.0, 0, 3000)",82.29776801241499
5,1.3620648254366483,"(1, 0.25, 0, 1000)",28.44788234258823
6,1.669179270000142,"(1, 0.25, 0, 1500)",43.08127569286046
7,1.6872212275698342,"(1, 0.25, 0, 2000)",56.442742862570526
8,1.6036994103287512,"(1, 0.25, 0, 2500)",69.66500295428602
9,1.6586665070122655,"(1, 0.25, 0, 3000)",82.36012705525422
10,0.907835619178984,"(1, 0.5, 0, 1000)",64.1573426231547
11,1.3754880991052179,"(1, 0.5, 0, 1500)",97.45357077505662
12,1.2532283151303145,"(1, 0.5, 0, 2000)",134.22018999621469
13,1.1587503436185858,"(1, 0.5, 0, 2500)",174.9420311799405
14,1.0665784076075342,"(1, 0.5, 0, 3000)",210.76605210997468
15,1.5633213835220563,"(1, 0.75, 0, 1000)",82.0377427857452
16,1.5720239987706437,"(1, 0.75, 0, 1500)",123.60109483188467
17,1.6190981794586954,"(1, 0.75, 0, 2000)",167.66564325912918
18,1.2444951711112962,"(1, 0.75, 0, 2500)",210.00166808910103
19,1.362759263002697,"(1, 0.75, 0, 3000)",252.55583041978798
20,1.533962400564376,"(1, 1.0, 0, 1000)",91.81268233811807
21,1.5787217841648005,"(1, 1.0, 0, 1500)",137.39444426596128
22,1.6577335395905024,"(1, 1.0, 0, 2000)",187.41367520173617
23,1.461943261040484,"(1, 1.0, 0, 2500)",229.1280053749847
24,1.7411264914252302,"(1, 1.0, 0, 3000)",266.79380731349966
25,1.3756805832990826,"(21, 0.0, 0, 1000)",20.722015228192504
26,1.3030852861921576,"(21, 0.0, 0, 1500)",31.06337174138025
27,1.3080767128178301,"(21, 0.0, 0, 2000)",42.82712160344454
28,1.2366169954266617,"(21, 0.0, 0, 2500)",54.81055162038774
29,1.2813622724812699,"(21, 0.0, 0, 3000)",63.881337711915876
30,1.336726710025002,"(21, 0.25, 0, 1000)",21.559065188452223
31,1.2550350995843902,"(21, 0.25, 0, 1500)",33.22095266297856
32,1.2706198262050747,"(21, 0.25, 0, 2000)",42.82078448517859
33,1.2913614800747704,"(21, 0.25, 0, 2500)",57.293148430876045
34,1.3446728150634204,"(21, 0.25, 0, 3000)",68.49693997421446
35,1.250605287249474,"(21, 0.5, 0, 1000)",32.3174523577718
36,1.14419741231729,"(21, 0.5, 0, 1500)",47.74758495842252
37,0.9788262304192519,"(21, 0.5, 0, 2000)",63.89630441857844
38,0.9799518717672019,"(21, 0.5, 0, 2500)",80.61478176695618
39,0.904865467260756,"(21, 0.5, 0, 3000)",95.20078557470288
40,1.1382918462376383,"(21, 0.75, 0, 1000)",30.36991628824353
41,0.816373136236935,"(21, 0.75, 0, 1500)",46.0330600676898
42,1.072286205574432,"(21, 0.75, 0, 2000)",60.6905886083282
43,0.8941270569942015,"(21, 0.75, 0, 2500)",75.92595260012104
44,1.1474313272656325,"(21, 0.75, 0, 3000)",91.45812610261964
45,1.269843299336293,"(21, 1.0, 0, 1000)",27.879870765696978
46,1.113836819349843,"(21, 1.0, 0, 1500)",41.474266422128494
47,1.345541297841598,"(21, 1.0, 0, 2000)",54.89555991054658
48,1.1803266127977303,"(21, 1.0, 0, 2500)",69.03648508399874
49,1.4076617598697982,"(21, 1.0, 0, 3000)",81.73192821992689
50,1.3040895281359555,"(41, 0.0, 0, 1000)",20.407383619983193
51,1.4239011038423461,"(41, 0.0, 0, 1500)",29.96216418567019
52,1.2956324296510395,"(41, 0.0, 0, 2000)",40.65712541677749
53,1.3742542351431706,"(41, 0.0, 0, 2500)",49.95329713692536
54,1.316754537360633,"(41, 0.0, 0, 3000)",60.165278827336806
55,1.3401848395081126,"(41, 0.25, 0, 1000)",19.919783659654968
56,1.3148253080818584,"(41, 0.25, 0, 1500)",30.177109660584392
57,1.3204782667295898,"(41, 0.25, 0, 2000)",40.23623644904637
58,1.3798151701031363,"(41, 0.25, 0, 2500)",50.271474447170476
59,1.360781182524036,"(41, 0.25, 0, 3000)",60.1846768234509
60,1.0290989023249817,"(41, 0.5, 0, 1000)",23.612208534885212
61,1.1190886489389573,"(41, 0.5, 0, 1500)",35.02202654247958
62,1.1550250791917172,"(41, 0.5, 0, 2000)",46.10228925743377
63,1.2629792082123457,"(41, 0.5, 0, 2500)",57.57514991430435
64,1.205036083718433,"(41, 0.5, 0, 3000)",68.52346988234513
65,0.9443942871930844,"(41, 0.75, 0, 1000)",20.97724068282514
66,1.3387956095092437,"(41, 0.75, 0, 1500)",31.064646763765268
67,1.189238425377099,"(41, 0.75, 0, 2000)",41.587065395181526
68,1.3040243773775944,"(41, 0.75, 0, 2500)",51.61061112515836
69,1.1728197762359154,"(41, 0.75, 0, 3000)",61.58483578220148
70,1.080259581907269,"(41, 1.0, 0, 1000)",18.177465851107627
71,1.0686595048755407,"(41, 1.0, 0, 1500)",27.297443110786844
72,1.0638304552830318,"(41, 1.0, 0, 2000)",36.66784633242514
73,1.2341144287849173,"(41, 1.0, 0, 2500)",44.165812973436005
74,1.0245568794033983,"(41, 1.0, 0, 3000)",54.08035490544262
75,1.2909335468183545,"(61, 0.0, 0, 1000)",18.238481706473976
76,1.3418471097727032,"(61, 0.0, 0, 1500)",27.910844814075062
77,1.2495372519335328,"(61, 0.0, 0, 2000)",35.709389880556955
78,1.3823746696771944,"(61, 0.0, 0, 2500)",45.15159356845743
79,1.327930973382557,"(61, 0.0, 0, 3000)",53.58921566847221
80,1.5195399314274685,"(61, 0.25, 0, 1000)",18.1926401260489
81,1.3030208786401678,"(61, 0.25, 0, 1500)",28.067556351435087
82,1.309065854713759,"(61, 0.25, 0, 2000)",35.744225592917246
83,1.4295371636748315,"(61, 0.25, 0, 2500)",44.375306917497255
84,1.4555156830259983,"(61, 0.25, 0, 3000)",54.02338341884297
85,1.2233595905496792,"(61, 0.5, 0, 1000)",20.624493057079235
86,1.1349884870037545,"(61, 0.5, 0, 1500)",30.074805876166465
87,1.2535113771254307,"(61, 0.5, 0, 2000)",39.36586270042699
88,1.1478286455631914,"(61, 0.5, 0, 2500)",49.15540354989207
89,1.0484584938323893,"(61, 0.5, 0, 3000)",59.66170393164521
90,1.312828512226834,"(61, 0.75, 0, 1000)",17.592419706973487
91,1.2860589612275362,"(61, 0.75, 0, 1500)",25.730274657811606
92,1.4422239475719194,"(61, 0.75, 0, 2000)",40.22829270200691
93,1.3421539908822846,"(61, 0.75, 0, 2500)",44.39636099001564
94,1.3385923293035695,"(61, 0.75, 0, 3000)",51.47945311485091
95,0.9559790953337597,"(61, 1.0, 0, 1000)",15.69466203106822
96,1.0839015987236051,"(61, 1.0, 0, 1500)",23.052035663749848
97,1.0283852790533703,"(61, 1.0, 0, 2000)",31.26906436432637
98,1.104646537863814,"(61, 1.0, 0, 2500)",38.435162569544445
99,1.0657243916367674,"(61, 1.0, 0, 3000)",45.84646177097875
100,1.0866101626745042,"(81, 0.0, 0, 1000)",16.988792150955305
101,1.2294943836298498,"(81, 0.0, 0, 1500)",25.93268725494454
102,1.3697932959479444,"(81, 0.0, 0, 2000)",34.2876583476409
103,1.4311396306490198,"(81, 0.0, 0, 2500)",42.690661801988426
104,1.391463564380127,"(81, 0.0, 0, 3000)",51.197045434544634
105,1.3755270419532761,"(81, 0.25, 0, 1000)",17.262592312710694
106,1.3723143044640034,"(81, 0.25, 0, 1500)",25.991457852884196
107,1.265041039949831,"(81, 0.25, 0, 2000)",34.25273212098091
108,1.2616438809563133,"(81, 0.25, 0, 2500)",42.927860105125546
109,1.439051163766314,"(81, 0.25, 0, 3000)",51.4006246603949
110,1.2993933165897888,"(81, 0.5, 0, 1000)",17.99348297060169
111,1.530146573886604,"(81, 0.5, 0, 1500)",27.17351702520682
112,1.1355825282975702,"(81, 0.5, 0, 2000)",39.50680268022916
113,1.303290406533736,"(81, 0.5, 0, 2500)",42.729023381462866
114,1.1366937377127162,"(81, 0.5, 0, 3000)",50.94589647566863
115,1.2862289616509395,"(81, 0.75, 0, 1000)",15.308738680474562
116,1.2593147429801963,"(81, 0.75, 0, 1500)",21.48102705790734
117,1.287447865515509,"(81, 0.75, 0, 2000)",32.42707578756563
118,1.323765719397103,"(81, 0.75, 0, 2500)",39.25987660443025
119,1.3874596620964654,"(81, 0.75, 0, 3000)",46.82794656862825
120,1.058231156648082,"(81, 1.0, 0, 1000)",13.653341136931886
121,1.1036654802915804,"(81, 1.0, 0, 1500)",20.66527840828894
122,1.084523839821272,"(81, 1.0, 0, 2000)",27.60727913743267
123,1.0953841863473988,"(81, 1.0, 0, 2500)",33.89900113003296
124,1.0322694209185153,"(81, 1.0, 0, 3000)",41.236222760155215
125,1.2674160578123788,"(101, 0.0, 0, 1000)",16.003897702081304
126,1.292978993452647,"(101, 0.0, 0, 1500)",24.25404709257873
127,1.3171547758557343,"(101, 0.0, 0, 2000)",30.934774950448627
128,1.241927274294636,"(101, 0.0, 0, 2500)",38.08057644197834
129,1.386327836618704,"(101, 0.0, 0, 3000)",46.197767314002704
130,1.3669781967997552,"(101, 0.25, 0, 1000)",15.688361230268129
131,1.3422389800605528,"(101, 0.25, 0, 1500)",23.738419827101097
132,1.3635300989427108,"(101, 0.25, 0, 2000)",30.684133597984328
133,1.431271326399463,"(101, 0.25, 0, 2500)",38.3132319889819
134,1.2722094302887426,"(101, 0.25, 0, 3000)",45.094268405619914
135,1.1044726402416607,"(101, 0.5, 0, 1000)",16.106333626200467
136,1.1384713872534442,"(101, 0.5, 0, 1500)",23.459850623472448
137,1.3079566715854418,"(101, 0.5, 0, 2000)",31.038019357209123
138,1.2078866190098994,"(101, 0.5, 0, 2500)",39.67493326665772
139,1.3637276146396555,"(101, 0.5, 0, 3000)",45.809485842473805
140,1.1108531365581953,"(101, 0.75, 0, 1000)",13.633831674135763
141,1.3774919341547716,"(101, 0.75, 0, 1500)",21.073529456957658
142,1.26700306427939,"(101, 0.75, 0, 2000)",28.407890667668653
143,1.2390577750390068,"(101, 0.75, 0, 2500)",35.48506528064445
144,1.214505551460966,"(101, 0.75, 0, 3000)",42.71605581156291
145,1.0904787376187468,"(101, 1.0, 0, 1000)",12.114543328832042
146,1.0503406928304364,"(101, 1.0, 0, 1500)",17.999553295180704
147,1.1080130249323488,"(101, 1.0, 0, 2000)",23.73096273408919
148,1.1309001279556576,"(101, 1.0, 0, 2500)",29.922734872728142
149,1.0084191989448086,"(101, 1.0, 0, 3000)",35.88927810657333
150,1.12600018625312,"(1, 0.0, 1, 1000)",27.89346131980461
151,1.4101193861926302,"(1, 0.0, 1, 1500)",38.455904591225995
152,1.1850357567781913,"(1, 0.0, 1, 2000)",50.16682287832673
153,1.4398064667687698,"(1, 0.0, 1, 2500)",58.57785835909311
154,1.3324793010511817,"(1, 0.0, 1, 3000)",68.97627268270128
155,1.7313845176030607,"(1, 0.25, 1, 1000)",27.638686201737897
156,1.4771844514809989,"(1, 0.25, 1, 1500)",41.06277669368592
157,1.5774045411059086,"(1, 0.25, 1, 2000)",55.22905201638753
158,1.6105863483841807,"(1, 0.25, 1, 2500)",69.21965026281282
159,1.6002528220415113,"(1, 0.25, 1, 3000)",81.97983458791555
160,0.9066099241102004,"(1, 0.5, 1, 1000)",68.38957465264423
161,1.150836510802893,"(1, 0.5, 1, 1500)",101.91224247774505
162,1.4128359893775162,"(1, 0.5, 1, 2000)",135.98335710264848
163,1.2650509013410878,"(1, 0.5, 1, 2500)",173.52638561604886
164,1.0637930208926691,"(1, 0.5, 1, 3000)",207.70167549227642
165,1.3456983891808811,"(1, 0.75, 1, 1000)",80.93339879789141
166,1.4894335703622987,"(1, 0.75, 1, 1500)",123.5406659226237
167,1.0713526520809598,"(1, 0.75, 1, 2000)",166.22602090489136
168,1.6362660468939474,"(1, 0.75, 1, 2500)",207.71193042691175
169,1.1289017273387052,"(1, 0.75, 1, 3000)",249.02276658066876
170,1.739597389189636,"(1, 1.0, 1, 1000)",86.83326595977996
171,1.5139241077772834,"(1, 1.0, 1, 1500)",131.53373766777668
172,1.1123144877417122,"(1, 1.0, 1, 2000)",174.32953545771943
173,1.6763885904980054,"(1, 1.0, 1, 2500)",222.1175018053973
174,1.5369962386348668,"(1, 1.0, 1, 3000)",274.4870605062929
175,1.2999604928362019,"(21, 0.0, 1, 1000)",23.581176937292184
176,1.354900931676521,"(21, 0.0, 1, 1500)",34.92814366071707
177,1.3084693227182416,"(21, 0.0, 1, 2000)",46.42792896862602
178,1.345152111220009,"(21, 0.0, 1, 2500)",57.92618614935691
179,1.3090977969853317,"(21, 0.0, 1, 3000)",69.1291907211671
180,1.261848139324609,"(21, 0.25, 1, 1000)",24.40089201281171
181,1.2062406188863166,"(21, 0.25, 1, 1500)",35.44055710991279
182,1.2327318513546797,"(21, 0.25, 1, 2000)",46.66666405925844
183,1.3299628880532348,"(21, 0.25, 1, 2500)",58.546745745618864
184,1.4608037633930935,"(21, 0.25, 1, 3000)",69.48562959817536
185,0.8688681143500349,"(21, 0.5, 1, 1000)",32.55401538463684
186,1.0912780628320489,"(21, 0.5, 1, 1500)",48.2917007608512
187,1.1247943316531532,"(21, 0.5, 1, 2000)",64.1320100739058
188,1.1465262803865377,"(21, 0.5, 1, 2500)",80.85717626122823
189,1.1010541284566417,"(21, 0.5, 1, 3000)",95.17305439657866
190,1.1036114855642047,"(21, 0.75, 1, 1000)",31.69273329431553
191,1.078686687405057,"(21, 0.75, 1, 1500)",46.64603629790918
192,1.1913647953804363,"(21, 0.75, 1, 2000)",60.950676133419165
193,0.958307452297167,"(21, 0.75, 1, 2500)",75.95332255915218
194,1.01929994430393,"(21, 0.75, 1, 3000)",93.22401115225512
195,1.3607370656860225,"(21, 1.0, 1, 1000)",28.10557151816829
196,1.1315947420182912,"(21, 1.0, 1, 1500)",41.47049192006125
197,1.3044107705573826,"(21, 1.0, 1, 2000)",54.814742935206596
198,1.1907051783246811,"(21, 1.0, 1, 2500)",68.5843991345273
199,1.1869358175016447,"(21, 1.0, 1, 3000)",82.38136690556985
200,1.225351077471586,"(41, 0.0, 1, 1000)",20.22480957775224
201,1.341809505169444,"(41, 0.0, 1, 1500)",30.635856791854167
202,1.2717335054541334,"(41, 0.0, 1, 2000)",39.966551614799755
203,1.315621751634514,"(41, 0.0, 1, 2500)",50.139506557397
204,1.3177009375382434,"(41, 0.0, 1, 3000)",59.52860405442607
205,1.3725035075755678,"(41, 0.25, 1, 1000)",20.128576397277357
206,1.3698848160312458,"(41, 0.25, 1, 1500)",30.139656855829344
207,1.369646666768719,"(41, 0.25, 1, 2000)",40.36022818542642
208,1.3304375242770596,"(41, 0.25, 1, 2500)",49.47626695571762
209,1.3339579706792444,"(41, 0.25, 1, 3000)",59.28186459452081
210,1.0941310449339012,"(41, 0.5, 1, 1000)",23.543717707138967
211,1.15900116513538,"(41, 0.5, 1, 1500)",34.94376659603404
212,1.3066053239628672,"(41, 0.5, 1, 2000)",46.295893193128904
213,1.1564712488585536,"(41, 0.5, 1, 2500)",57.63637222049056
214,1.1364434182972594,"(41, 0.5, 1, 3000)",67.87521207304144
215,1.0546003019875465,"(41, 0.75, 1, 1000)",21.276932403421597
216,1.1385762969579765,"(41, 0.75, 1, 1500)",31.391664024338752
217,1.140402516246061,"(41, 0.75, 1, 2000)",41.36773081494903
218,0.9140984907883275,"(41, 0.75, 1, 2500)",52.24538537719127
219,1.2107853059054297,"(41, 0.75, 1, 3000)",60.7142033414857
220,1.0630468551562553,"(41, 1.0, 1, 1000)",18.945124310493156
221,1.0011734260465293,"(41, 1.0, 1, 1500)",27.045559980388134
222,1.2940376188825158,"(41, 1.0, 1, 2000)",36.972451806026584
223,1.1975188211318761,"(41, 1.0, 1, 2500)",45.27919721640683
224,1.178045895005412,"(41, 1.0, 1, 3000)",54.41673536720464
225,1.3287286798962774,"(61, 0.0, 1, 1000)",18.322753031461616
226,1.431708729858784,"(61, 0.0, 1, 1500)",27.482115185031034
227,1.3768414363922439,"(61, 0.0, 1, 2000)",36.65889910589067
228,1.4351154160411919,"(61, 0.0, 1, 2500)",44.92883900048764
229,1.286472002373022,"(61, 0.0, 1, 3000)",53.53518896954574
230,1.272815183528206,"(61, 0.25, 1, 1000)",18.40647288971013
231,1.2855120291166446,"(61, 0.25, 1, 1500)",27.309624547254316
232,1.3576739774359496,"(61, 0.25, 1, 2000)",36.53095128012046
233,1.4072021156439887,"(61, 0.25, 1, 2500)",45.16482178600836
234,1.3899805992951288,"(61, 0.25, 1, 3000)",53.715373881317646
235,1.240334287351545,"(61, 0.5, 1, 1000)",20.08903869067126
236,1.1530117131769657,"(61, 0.5, 1, 1500)",30.04696071707349
237,1.1524330540080827,"(61, 0.5, 1, 2000)",39.14660271067805
238,1.1075371770708657,"(61, 0.5, 1, 2500)",48.413435506469796
239,1.0826336131979,"(61, 0.5, 1, 3000)",57.96471059869418
240,1.234520952384371,"(61, 0.75, 1, 1000)",16.752314051087524
241,1.1394835502676228,"(61, 0.75, 1, 1500)",25.693155973734065
242,1.340174741070608,"(61, 0.75, 1, 2000)",34.159608553601174
243,1.1669552935259966,"(61, 0.75, 1, 2500)",42.34901810146221
244,1.4658786794225522,"(61, 0.75, 1, 3000)",50.55730826124545
245,1.178494567758753,"(61, 1.0, 1, 1000)",15.344469758028026
246,1.0822020373744152,"(61, 1.0, 1, 1500)",22.48205595962827
247,1.1637489039074247,"(61, 1.0, 1, 2000)",30.442814380039636
248,1.1385068344452198,"(61, 1.0, 1, 2500)",38.273966104630745
249,1.0724259376395766,"(61, 1.0, 1, 3000)",45.50373888301601
250,1.1787170423194766,"(81, 0.0, 1, 1000)",17.170078320009452
251,1.35960527573,"(81, 0.0, 1, 1500)",25.52209037740795
252,1.3645904590540072,"(81, 0.0, 1, 2000)",33.50160984147442
253,1.2866240619517424,"(81, 0.0, 1, 2500)",41.915791811528834
254,1.3344602995278203,"(81, 0.0, 1, 3000)",50.2720273107343
255,1.3797303052509533,"(81, 0.25, 1, 1000)",17.532899851796174
256,1.333096601507243,"(81, 0.25, 1, 1500)",24.99792906640232
257,1.4967044833499719,"(81, 0.25, 1, 2000)",31.882672518434447
258,1.3470459695905448,"(81, 0.25, 1, 2500)",38.08646909034542
259,1.4627303790958488,"(81, 0.25, 1, 3000)",50.54061088769777
260,1.3556507974753487,"(81, 0.5, 1, 1000)",16.546640145603305
261,1.2809261997819277,"(81, 0.5, 1, 1500)",24.779389000557785
262,1.3676849390352692,"(81, 0.5, 1, 2000)",32.71710175455246
263,1.1329752026109525,"(81, 0.5, 1, 2500)",40.87398593955368
264,1.2424917112652432,"(81, 0.5, 1, 3000)",48.485832696613215
265,1.481885643911493,"(81, 0.75, 1, 1000)",14.290295833688106
266,1.3444761174895308,"(81, 0.75, 1, 1500)",21.242333313311974
267,1.4108758950715554,"(81, 0.75, 1, 2000)",28.779925102212474
268,1.4236641609493423,"(81, 0.75, 1, 2500)",39.17148715828171
269,1.366690973882728,"(81, 0.75, 1, 3000)",46.81328883978313
270,1.1003200295381248,"(81, 1.0, 1, 1000)",13.869482015172252
271,1.1411942193613334,"(81, 1.0, 1, 1500)",20.282954956564936
272,1.0544299405889914,"(81, 1.0, 1, 2000)",27.597738260029473
273,1.0213618615888715,"(81, 1.0, 1, 2500)",33.97030767877004
274,0.99784732449745,"(81, 1.0, 1, 3000)",40.88365420744867
275,1.2590820139712269,"(101, 0.0, 1, 1000)",16.185731426759048
276,1.351985113980139,"(101, 0.0, 1, 1500)",23.818549284896108
277,1.3669170867213432,"(101, 0.0, 1, 2000)",31.81203141740025
278,1.335621631364612,"(101, 0.0, 1, 2500)",39.5758324032804
279,1.3491832596633366,"(101, 0.0, 1, 3000)",48.13781947146981
280,1.3726105048485537,"(101, 0.25, 1, 1000)",16.451820831977784
281,1.4963173216756651,"(101, 0.25, 1, 1500)",24.070482701013134
282,1.35322235042558,"(101, 0.25, 1, 2000)",31.352559054294943
283,1.338946235968786,"(101, 0.25, 1, 2500)",39.44555774546734
284,1.335304506539422,"(101, 0.25, 1, 3000)",47.36729416727576
285,1.2800810812808137,"(101, 0.5, 1, 1000)",16.785103693347082
286,1.4098416264497617,"(101, 0.5, 1, 1500)",25.04527670416155
287,1.0680049786248298,"(101, 0.5, 1, 2000)",33.33296829625033
288,1.4294838164193444,"(101, 0.5, 1, 2500)",40.79833302835959
289,1.2859976926133694,"(101, 0.5, 1, 3000)",48.49840719979693
290,1.3014445669565569,"(101, 0.75, 1, 1000)",15.313008776255629
291,1.2960729810710558,"(101, 0.75, 1, 1500)",21.750721390569197
292,1.3200745993685012,"(101, 0.75, 1, 2000)",28.86124325856963
293,1.3055117013439648,"(101, 0.75, 1, 2500)",36.919908815228155
294,1.2659526702715085,"(101, 0.75, 1, 3000)",43.720768421684625
295,0.972741841486491,"(101, 1.0, 1, 1000)",12.472658117164428
296,1.0815883125260692,"(101, 1.0, 1, 1500)",18.29811358706138
297,1.1241775853888076,"(101, 1.0, 1, 2000)",24.653163181353193
298,1.0672767576028812,"(101, 1.0, 1, 2500)",30.583852975728405
299,1.1654304932227686,"(101, 1.0, 1, 3000)",36.66260739842801
300,1.2530127358568066,"(1, 0.0, 2, 1000)",16.669984313648804
301,1.3022606140112174,"(1, 0.0, 2, 1500)",20.74262706573042
302,1.3777234897455748,"(1, 0.0, 2, 2000)",27.202945067040645
303,1.3750852356938754,"(1, 0.0, 2, 2500)",33.55126112396965
304,1.331252995966112,"(1, 0.0, 2, 3000)",39.97771616224969
305,1.7217427093316526,"(1, 0.25, 2, 1000)",14.395627377222496
306,1.6561561107964198,"(1, 0.25, 2, 1500)",21.61354026838606
307,1.7218380643712246,"(1, 0.25, 2, 2000)",28.70341146709987
308,1.8428929853526985,"(1, 0.25, 2, 2500)",35.5812241499967
309,1.6114742263275033,"(1, 0.25, 2, 3000)",42.40726656600208
310,1.0673166348653682,"(1, 0.5, 2, 1000)",28.059911525068117
311,1.1755264455562129,"(1, 0.5, 2, 1500)",45.965740617871745
312,1.0881828431177007,"(1, 0.5, 2, 2000)",60.5487881839731
313,0.8878505230511484,"(1, 0.5, 2, 2500)",75.75939902976495
314,1.0005903312162605,"(1, 0.5, 2, 3000)",89.94463374535042
315,1.0639811409527764,"(1, 0.75, 2, 1000)",34.510193055262675
316,1.1337818407398812,"(1, 0.75, 2, 1500)",52.22825331152421
317,1.2804954404559206,"(1, 0.75, 2, 2000)",69.59720020281918
318,1.3044374750872307,"(1, 0.75, 2, 2500)",85.89585436137827
319,1.339182426223723,"(1, 0.75, 2, 3000)",103.22196536151932
320,1.270497879846131,"(1, 1.0, 2, 1000)",38.37086864391972
321,1.4019178261432574,"(1, 1.0, 2, 1500)",58.42309120293203
322,1.2559243754538543,"(1, 1.0, 2, 2000)",77.46998654856975
323,1.3617533601765686,"(1, 1.0, 2, 2500)",96.95464898471732
324,1.7915685221224147,"(1, 1.0, 2, 3000)",108.49927155546334
325,1.2603957673644317,"(21, 0.0, 2, 1000)",13.96337327788865
326,1.3025989086750673,"(21, 0.0, 2, 1500)",20.616897678336272
327,1.285782492993509,"(21, 0.0, 2, 2000)",27.569125405603472
328,1.3686298668822823,"(21, 0.0, 2, 2500)",34.096908126591416
329,1.438545603787198,"(21, 0.0, 2, 3000)",40.75027161273283
330,1.2523505486109678,"(21, 0.25, 2, 1000)",13.832366124745022
331,1.3060847412575693,"(21, 0.25, 2, 1500)",20.760389379097433
332,1.2973826055579325,"(21, 0.25, 2, 2000)",31.33199750247627
333,1.3608847445424865,"(21, 0.25, 2, 2500)",38.31664694814572
334,1.4487054037697176,"(21, 0.25, 2, 3000)",45.72040301211473
335,1.1453744668513535,"(21, 0.5, 2, 1000)",22.707412813639394
336,1.262361659312292,"(21, 0.5, 2, 1500)",32.834894379033585
337,1.2263022268369028,"(21, 0.5, 2, 2000)",43.43676137609668
338,1.3432523158214549,"(21, 0.5, 2, 2500)",54.41158247766157
339,1.1130852840840817,"(21, 0.5, 2, 3000)",65.07285283464785
340,1.130081839180168,"(21, 0.75, 2, 1000)",22.75183885102706
341,0.987274345339221,"(21, 0.75, 2, 1500)",33.700754704857445
342,1.1904470621662981,"(21, 0.75, 2, 2000)",44.217745551459984
343,1.152626990932314,"(21, 0.75, 2, 2500)",55.71048778545878
344,1.0764194763484685,"(21, 0.75, 2, 3000)",66.17333152677224
345,1.299139914617819,"(21, 1.0, 2, 1000)",22.628505857588152
346,1.534380136808271,"(21, 1.0, 2, 1500)",33.247652704464144
347,1.2749850865124779,"(21, 1.0, 2, 2000)",43.607655162876654
348,1.3309411322204943,"(21, 1.0, 2, 2500)",54.781726727838304
349,1.2436422918265795,"(21, 1.0, 2, 3000)",65.47804707022806
350,1.2173572586301495,"(41, 0.0, 2, 1000)",15.128248422635352
351,1.1938535845016731,"(41, 0.0, 2, 1500)",22.359014344001935
352,1.2707016143728707,"(41, 0.0, 2, 2000)",30.917445653009054
353,1.2664501381051894,"(41, 0.0, 2, 2500)",36.75050851435026
354,1.4833117178257773,"(41, 0.0, 2, 3000)",44.09371163094784
355,1.3550423768075073,"(41, 0.25, 2, 1000)",15.034409401195717
356,1.4514521781574277,"(41, 0.25, 2, 1500)",22.37103654235443
357,1.2630024274920717,"(41, 0.25, 2, 2000)",29.735445706088285
358,1.3836218784398893,"(41, 0.25, 2, 2500)",36.514729944728515
359,1.4579580047551324,"(41, 0.25, 2, 3000)",44.179552708514166
360,1.3881974617567132,"(41, 0.5, 2, 1000)",18.341015687748495
361,1.236795103359584,"(41, 0.5, 2, 1500)",27.43677869673411
362,1.2935641562347027,"(41, 0.5, 2, 2000)",36.08621682364674
363,1.1165034033056787,"(41, 0.5, 2, 2500)",45.16321292231214
364,1.2943807167055854,"(41, 0.5, 2, 3000)",53.74847976488627
365,1.196005771720015,"(41, 0.75, 2, 1000)",17.31794404037464
366,1.1834837899707695,"(41, 0.75, 2, 1500)",25.425037539687764
367,1.3217503439251552,"(41, 0.75, 2, 2000)",33.65890916303624
368,1.302112603220431,"(41, 0.75, 2, 2500)",42.46455652883242
369,1.401201347749242,"(41, 0.75, 2, 3000)",50.173729622060364
370,1.2747777631835024,"(41, 1.0, 2, 1000)",16.672929660054706
371,1.222560902849278,"(41, 1.0, 2, 1500)",23.770171069227672
372,1.1607097832486035,"(41, 1.0, 2, 2000)",31.464061493849385
373,1.0574020733508995,"(41, 1.0, 2, 2500)",39.29312412611171
374,1.1583540261832668,"(41, 1.0, 2, 3000)",46.926112955697135
375,1.3939318835187486,"(61, 0.0, 2, 1000)",14.961099804584137
376,1.2720255020348465,"(61, 0.0, 2, 1500)",21.708767734446155
377,1.304412277327741,"(61, 0.0, 2, 2000)",29.660892096620955
378,1.337925268315217,"(61, 0.0, 2, 2500)",35.88430149641863
379,1.3880101676592056,"(61, 0.0, 2, 3000)",43.48299546450835
380,1.2597210317850114,"(61, 0.25, 2, 1000)",14.390716976599379
381,1.369579521259841,"(61, 0.25, 2, 1500)",22.097524964764943
382,1.4274160287178614,"(61, 0.25, 2, 2000)",29.238661617606795
383,1.389170764759183,"(61, 0.25, 2, 2500)",36.575840504868665
384,1.3611953954048015,"(61, 0.25, 2, 3000)",44.33737164919012
385,1.2656585703275223,"(61, 0.5, 2, 1000)",16.421144586811806
386,1.0930485041445697,"(61, 0.5, 2, 1500)",24.17119438364398
387,1.0248048719265224,"(61, 0.5, 2, 2000)",32.964388211351434
388,1.1452253602992963,"(61, 0.5, 2, 2500)",40.84039200512916
389,1.0699826972613877,"(61, 0.5, 2, 3000)",49.07914134338307
390,1.1377692026907908,"(61, 0.75, 2, 1000)",15.006838858010724
391,1.1721079693997607,"(61, 0.75, 2, 1500)",22.120172815260503
392,1.1727553803802413,"(61, 0.75, 2, 2000)",29.28384696937792
393,1.338830452708199,"(61, 0.75, 2, 2500)",37.13547308386978
394,1.342650824850973,"(61, 0.75, 2, 3000)",43.787555401594545
395,1.0318233244121076,"(61, 1.0, 2, 1000)",13.682307388229674
396,1.0927016495643542,"(61, 1.0, 2, 1500)",18.494649459637003
397,1.1506913723085104,"(61, 1.0, 2, 2000)",24.799486806284676
398,1.0879776237585568,"(61, 1.0, 2, 2500)",31.005857168997863
399,1.1158704403519497,"(61, 1.0, 2, 3000)",35.66511497969668
400,1.3839508707032486,"(81, 0.0, 2, 1000)",13.239727395521186
401,1.2975984911270002,"(81, 0.0, 2, 1500)",18.818340599154
402,1.2742799138759864,"(81, 0.0, 2, 2000)",25.190140367001277
403,1.4216040036257576,"(81, 0.0, 2, 2500)",31.39660375829908
404,1.2856010986163335,"(81, 0.0, 2, 3000)",38.363516871558204
405,1.3406908667043727,"(81, 0.25, 2, 1000)",13.268133240398583
406,1.3644706774722128,"(81, 0.25, 2, 1500)",20.52672895577598
407,1.3593186418580658,"(81, 0.25, 2, 2000)",27.155705264216977
408,1.2432493233505417,"(81, 0.25, 2, 2500)",34.29988476188919
409,1.3650829228846466,"(81, 0.25, 2, 3000)",40.99836515534844
410,1.3590703965953947,"(81, 0.5, 2, 1000)",15.560659245798888
411,1.2236436117508942,"(81, 0.5, 2, 1500)",23.383434766151368
412,1.1923678800778683,"(81, 0.5, 2, 2000)",30.190551313085052
413,1.2664193684563918,"(81, 0.5, 2, 2500)",38.231155076972755
414,1.1956732644014718,"(81, 0.5, 2, 3000)",45.68184755325183
415,1.5478770682259517,"(81, 0.75, 2, 1000)",13.289085903375963
416,1.3961180329322813,"(81, 0.75, 2, 1500)",20.006674032593764
417,1.3728603672674473,"(81, 0.75, 2, 2000)",26.611974706282126
418,1.356583298742771,"(81, 0.75, 2, 2500)",33.36828339914791
419,1.4696575860766803,"(81, 0.75, 2, 3000)",39.12969218154831
420,0.8857192592147518,"(81, 1.0, 2, 1000)",12.251921124054206
421,1.01868097493425,"(81, 1.0, 2, 1500)",18.17558935563011
422,1.0442858124494225,"(81, 1.0, 2, 2000)",24.60387004493623
423,1.0078093518831712,"(81, 1.0, 2, 2500)",31.664506522476586
424,1.032608538597603,"(81, 1.0, 2, 3000)",37.54731090124551
425,1.3977496418663684,"(101, 0.0, 2, 1000)",15.17991727998833
426,1.262661998390275,"(101, 0.0, 2, 1500)",22.70830985502471
427,1.4161765958456434,"(101, 0.0, 2, 2000)",31.325056117467284
428,1.2444879922358427,"(101, 0.0, 2, 2500)",38.926106530298966
429,1.443381923919215,"(101, 0.0, 2, 3000)",45.4069154040526
430,1.2633951326941744,"(101, 0.25, 2, 1000)",14.780097749852757
431,1.2979735340265668,"(101, 0.25, 2, 1500)",21.491336189376852
432,1.2681568253566236,"(101, 0.25, 2, 2000)",26.820869691538974
433,1.459477294674691,"(101, 0.25, 2, 2500)",33.31309649690138
434,1.3173277944326403,"(101, 0.25, 2, 3000)",40.35924984879421
435,1.3136387842145802,"(101, 0.5, 2, 1000)",14.451892628812857
436,1.271615571627284,"(101, 0.5, 2, 1500)",22.018441170595906
437,1.3158921144848352,"(101, 0.5, 2, 2000)",28.252214736790847
438,1.2820114983291955,"(101, 0.5, 2, 2500)",34.79206770692963
439,1.3220972967804887,"(101, 0.5, 2, 3000)",42.69404575162298
440,1.228274482404402,"(101, 0.75, 2, 1000)",12.53862907157145
441,1.0831693939865277,"(101, 0.75, 2, 1500)",18.800267911146875
442,1.054497055947671,"(101, 0.75, 2, 2000)",24.934577718677247
443,1.1694669421278592,"(101, 0.75, 2, 2500)",30.95945993135956
444,1.1617264988558258,"(101, 0.75, 2, 3000)",37.66786896099802
445,1.0453129585284522,"(101, 1.0, 2, 1000)",11.317097843440934
446,1.0510866730747854,"(101, 1.0, 2, 1500)",16.96608563378959
447,1.0532595802961355,"(101, 1.0, 2, 2000)",22.293624469031784
448,1.0291776256937095,"(101, 1.0, 2, 2500)",28.05893626145189
449,1.0619801957488937,"(101, 1.0, 2, 3000)",33.371586053533974
450,1.0585428796270315,"(1, 0.0, 3, 1000)",12.747310901245829
451,0.999415290750125,"(1, 0.0, 3, 1500)",15.31445337326392
452,1.0271152792169769,"(1, 0.0, 3, 2000)",20.26954878343475
453,1.0207955218632432,"(1, 0.0, 3, 2500)",25.597063872643034
454,1.0824970619314733,"(1, 0.0, 3, 3000)",29.841347992552116
455,1.2739291960647439,"(1, 0.0, 4, 1000)",9.15712136598367
456,1.266936446813976,"(1, 0.0, 4, 1500)",13.225561908007847
457,1.3282495405853671,"(1, 0.0, 4, 2000)",17.504233359267744
458,1.2208779641701017,"(1, 0.0, 4, 2500)",21.920665615322577
459,1.2964732294463936,"(1, 0.0, 4, 3000)",26.579909178401124
460,1.1445751279291203,"(1, 0.0, 5, 1000)",7.95143963827806
461,1.1924859557574723,"(1, 0.0, 5, 1500)",11.73057469594599
462,1.2489482339964633,"(1, 0.0, 5, 2000)",15.914861805061804
463,1.3180807132164345,"(1, 0.0, 5, 2500)",19.487594093662807
464,1.1849679595051223,"(1, 0.0, 5, 3000)",23.621574250358606
465,1.2238719195949241,"(1, 0.0, 6, 1000)",7.598079644200595
466,1.1349712774486227,"(1, 0.0, 6, 1500)",11.161110420458499
467,1.1398463433991899,"(1, 0.0, 6, 2000)",14.949760933302969
468,1.220082872648559,"(1, 0.0, 6, 2500)",18.715798795656895
469,1.1780473737484392,"(1, 0.0, 6, 3000)",22.275413495290593
470,1.2677628851249156,"(1, 0.0, 7, 1000)",7.243704996026054
471,1.2087586976286462,"(1, 0.0, 7, 1500)",11.134492791681566
472,1.2601659100174027,"(1, 0.0, 7, 2000)",14.450939714405138
473,1.2818252170184516,"(1, 0.0, 7, 2500)",18.27623985730031
474,1.2185361846514484,"(1, 0.0, 7, 3000)",21.7082442042215
475,1.2043245859937195,"(1, 0.0, 8, 1000)",7.163964973201871
476,1.2665792193154202,"(1, 0.0, 8, 1500)",10.841628754492547
477,1.22944995514665,"(1, 0.0, 8, 2000)",15.018288637243018
478,1.2393979268367676,"(1, 0.0, 8, 2500)",21.260847118837773
479,1.191458430519218,"(1, 0.0, 8, 3000)",24.301840317693802
480,1.378991130629883,"(1, 0.25, 3, 1000)",12.277315412992493
481,1.457092453188756,"(1, 0.25, 3, 1500)",18.68022555939376
482,1.5490098473561158,"(1, 0.25, 3, 2000)",24.697897637828305
483,1.4065560731817695,"(1, 0.25, 3, 2500)",31.156255054762596
484,1.3701397595160147,"(1, 0.25, 3, 3000)",36.466543652894416
485,1.060995917482411,"(1, 0.25, 4, 1000)",10.926599050996742
486,1.0868644111954113,"(1, 0.25, 4, 1500)",15.952268514573802
487,1.0293476708671625,"(1, 0.25, 4, 2000)",21.636208233169214
488,1.0883726888610161,"(1, 0.25, 4, 2500)",26.843867865887887
489,1.1658084866536014,"(1, 0.25, 4, 3000)",32.43328775025873
490,1.0778739949359613,"(1, 0.25, 5, 1000)",10.118628484905457
491,0.9759232795413801,"(1, 0.25, 5, 1500)",14.548411320433274
492,1.0505518592674943,"(1, 0.25, 5, 2000)",19.534088829725533
493,1.0024871282936896,"(1, 0.25, 5, 2500)",24.662793734957972
494,1.1388379555195571,"(1, 0.25, 5, 3000)",29.514707036788195
495,0.9548034022616989,"(1, 0.25, 6, 1000)",9.726854949441986
496,0.9750673138481729,"(1, 0.25, 6, 1500)",14.325972155678755
497,0.9585971896701,"(1, 0.25, 6, 2000)",18.890374335285628
498,0.8949726033955813,"(1, 0.25, 6, 2500)",23.133850531282633
499,0.9309755507856607,"(1, 0.25, 6, 3000)",27.145403675606644
500,0.9913392508073764,"(1, 0.25, 7, 1000)",9.135822010898096
501,0.9723084094112411,"(1, 0.25, 7, 1500)",13.769676034244526
502,0.9531644681797308,"(1, 0.25, 7, 2000)",18.32415125386035
503,1.0117437228560449,"(1, 0.25, 7, 2500)",23.008775416987532
504,0.9916281008325956,"(1, 0.25, 7, 3000)",26.82446037135969
505,0.9725580113994725,"(1, 0.25, 8, 1000)",8.884309598007576
506,0.9558920172645766,"(1, 0.25, 8, 1500)",13.247300704418876
507,0.9528569347279914,"(1, 0.25, 8, 2000)",17.72154002813204
508,0.9486377212273723,"(1, 0.25, 8, 2500)",22.53692941421332
509,0.9610393637462573,"(1, 0.25, 8, 3000)",26.629676118053794
510,1.0401690876768792,"(1, 0.5, 3, 1000)",21.386058563309007
511,1.0129054986652644,"(1, 0.5, 3, 1500)",31.447416640941583
512,1.278955358946148,"(1, 0.5, 3, 2000)",42.34931786023094
513,1.00628629425431,"(1, 0.5, 3, 2500)",53.660001201270006
514,0.8345558421878035,"(1, 0.5, 3, 3000)",63.081933038975876
515,0.9059515003881911,"(1, 0.5, 4, 1000)",17.695129967635467
516,1.0277282214559176,"(1, 0.5, 4, 1500)",26.26712110058679
517,1.016701820218826,"(1, 0.5, 4, 2000)",34.71127838873417
518,0.9925808722701143,"(1, 0.5, 4, 2500)",43.57289236481165
519,0.9362550202811903,"(1, 0.5, 4, 3000)",51.26243503015053
520,1.0698276643928908,"(1, 0.5, 5, 1000)",14.882416619989499
521,1.1699111555429065,"(1, 0.5, 5, 1500)",21.817384053001206
522,1.2222421633846619,"(1, 0.5, 5, 2000)",28.9974683933292
523,1.0167675613480456,"(1, 0.5, 5, 2500)",36.42717496218097
524,1.1127998809604083,"(1, 0.5, 5, 3000)",45.78805127467285
525,1.0669049428008934,"(1, 0.5, 6, 1000)",15.063705862057759
526,1.0126034140477285,"(1, 0.5, 6, 1500)",22.100968419170613
527,1.0937781092929928,"(1, 0.5, 6, 2000)",28.951895003415075
528,1.1128448128371553,"(1, 0.5, 6, 2500)",36.33868829697667
529,1.0843375156606165,"(1, 0.5, 6, 3000)",41.68509377588521
530,1.0361631853725104,"(1, 0.5, 7, 1000)",12.458048997847527
531,1.2401659870355881,"(1, 0.5, 7, 1500)",18.165780846448115
532,1.141334668305867,"(1, 0.5, 7, 2000)",26.169938916817728
533,1.1709942931199775,"(1, 0.5, 7, 2500)",30.92538325401665
534,1.1294185298768913,"(1, 0.5, 7, 3000)",37.25002591111456
535,1.4004895677899614,"(1, 0.5, 8, 1000)",12.499601765028729
536,1.0468285494538792,"(1, 0.5, 8, 1500)",18.307497181904637
537,1.1624862321268985,"(1, 0.5, 8, 2000)",24.258586216963977
538,1.1380282721646569,"(1, 0.5, 8, 2500)",30.01880909445208
539,1.1164190122802906,"(1, 0.5, 8, 3000)",35.95240065427379
540,0.9759774448644534,"(1, 0.75, 3, 1000)",24.303806210006314
541,1.1311896811622906,"(1, 0.75, 3, 1500)",35.24966385392554
542,1.16415128154776,"(1, 0.75, 3, 2000)",48.106299543657315
543,1.013452994187965,"(1, 0.75, 3, 2500)",60.75636708017373
544,1.2046705834348412,"(1, 0.75, 3, 3000)",72.28243673427733
545,1.1482501179089442,"(1, 0.75, 4, 1000)",19.329998645079286
546,1.1408126904725042,"(1, 0.75, 4, 1500)",28.419024484955116
547,1.0545180437716601,"(1, 0.75, 4, 2000)",38.34234323077408
548,1.145596764162046,"(1, 0.75, 4, 2500)",47.620148650177725
549,1.1606840517084278,"(1, 0.75, 4, 3000)",58.97427159038398
550,1.1133459434570634,"(1, 0.75, 5, 1000)",16.620470758154624
551,1.1709338968071867,"(1, 0.75, 5, 1500)",24.573549710927182
552,1.2495049070128623,"(1, 0.75, 5, 2000)",33.186688811008025
553,1.3337266818407978,"(1, 0.75, 5, 2500)",41.08005095619592
554,1.2613166376071816,"(1, 0.75, 5, 3000)",49.450358355601566
555,1.2589654751943753,"(1, 0.75, 6, 1000)",15.773508364889949
556,1.1578466559332274,"(1, 0.75, 6, 1500)",23.620767443907425
557,1.0926030888222158,"(1, 0.75, 6, 2000)",32.06074431247498
558,1.1930825740482438,"(1, 0.75, 6, 2500)",40.07533639051917
559,1.1220563772548784,"(1, 0.75, 6, 3000)",47.8386107731576
560,1.3587997126831288,"(1, 0.75, 7, 1000)",17.169044669084997
561,1.1832981408984564,"(1, 0.75, 7, 1500)",26.882825051786767
562,1.0698027600013815,"(1, 0.75, 7, 2000)",33.41849173568107
563,1.06146527320037,"(1, 0.75, 7, 2500)",35.91070708707457
564,1.1397305112595753,"(1, 0.75, 7, 3000)",44.09734868537771
565,1.2226128175892348,"(1, 0.75, 8, 1000)",12.808784077305972
566,1.098475147942629,"(1, 0.75, 8, 1500)",19.81145452843839
567,1.1968052874620567,"(1, 0.75, 8, 2000)",26.92382858715291
568,1.2108833346392631,"(1, 0.75, 8, 2500)",35.907398286653915
569,1.0992776569417293,"(1, 0.75, 8, 3000)",43.040172424148295
570,1.272543830257457,"(1, 1.0, 3, 1000)",30.986731274505473
571,1.1031338959713193,"(1, 1.0, 3, 1500)",40.88289237878007
572,1.199761246495387,"(1, 1.0, 3, 2000)",59.105936089642455
573,1.2761702640091672,"(1, 1.0, 3, 2500)",66.84341278011607
574,1.1626266806468588,"(1, 1.0, 3, 3000)",79.26189026817656
575,1.3949827975100455,"(1, 1.0, 4, 1000)",22.574184149103075
576,1.1634310647242647,"(1, 1.0, 4, 1500)",34.46560135436221
577,1.2411554062300747,"(1, 1.0, 4, 2000)",45.45137300969827
578,1.1342139333075678,"(1, 1.0, 4, 2500)",57.22165135512978
579,1.0038622968830169,"(1, 1.0, 4, 3000)",66.25604371505278
580,1.5009514110436772,"(1, 1.0, 5, 1000)",19.879316505309816
581,1.1544165935668655,"(1, 1.0, 5, 1500)",28.97256522826183
582,1.3388587177238045,"(1, 1.0, 5, 2000)",35.89962243804666
583,1.2681799525285469,"(1, 1.0, 5, 2500)",43.98860609379108
584,1.3582951051977408,"(1, 1.0, 5, 3000)",52.35116977157713
585,1.1443068748449579,"(1, 1.0, 6, 1000)",16.549689974563535
586,1.3150357352747746,"(1, 1.0, 6, 1500)",25.091026094099107
587,1.2571621879058725,"(1, 1.0, 6, 2000)",33.59071557977313
588,1.2570181807722238,"(1, 1.0, 6, 2500)",41.202142171700416
589,1.254332030734376,"(1, 1.0, 6, 3000)",47.06874421190514
590,1.0954285930034102,"(1, 1.0, 7, 1000)",13.612471696822013
591,1.1498381906517727,"(1, 1.0, 7, 1500)",19.742886316556906
592,1.1254557634169675,"(1, 1.0, 7, 2000)",26.39344888805681
593,1.1712668117830831,"(1, 1.0, 7, 2500)",33.088870792238595
594,1.0841735074597902,"(1, 1.0, 7, 3000)",40.60586331503055
595,1.3027735751560505,"(1, 1.0, 8, 1000)",13.099298095149607
596,1.1931245531338979,"(1, 1.0, 8, 1500)",19.286570220516296
597,1.4230401872438105,"(1, 1.0, 8, 2000)",26.925111152395402
598,1.3675107418340355,"(1, 1.0, 8, 2500)",34.27698883517314
599,1.3685254547197152,"(1, 1.0, 8, 3000)",41.00070427945411
600,0.8895537652075292,"(21, 0.0, 3, 1000)",11.697676660022807
601,0.9720686769551214,"(21, 0.0, 3, 1500)",17.0346658583685
602,0.9860209607026156,"(21, 0.0, 3, 2000)",22.62888635287436
603,1.0325973802848774,"(21, 0.0, 3, 2500)",28.070982764568726
604,0.9985432353308972,"(21, 0.0, 3, 3000)",33.82598430806047
605,1.2232751314911772,"(21, 0.0, 4, 1000)",10.27111965347649
606,1.3049250792355878,"(21, 0.0, 4, 1500)",15.215843913123535
607,1.3625577780911151,"(21, 0.0, 4, 2000)",20.19408667861353
608,1.2376213614938452,"(21, 0.0, 4, 2500)",26.003179175007062
609,1.2535122965791208,"(21, 0.0, 4, 3000)",31.127636892399096
610,1.102008908105028,"(21, 0.0, 5, 1000)",9.40813622960377
611,1.2453374600366636,"(21, 0.0, 5, 1500)",14.089085903376144
612,1.2492363213068423,"(21, 0.0, 5, 2000)",18.668255322952973
613,1.3039889573503065,"(21, 0.0, 5, 2500)",22.42228551394237
614,1.2293233200524223,"(21, 0.0, 5, 3000)",27.27010052953665
615,1.174330036846154,"(21, 0.0, 6, 1000)",8.771038497909103
616,1.1302046994788244,"(21, 0.0, 6, 1500)",13.648055548958837
617,1.2072039893828332,"(21, 0.0, 6, 2000)",17.675379971477014
618,1.186534311052631,"(21, 0.0, 6, 2500)",19.397585167947
619,1.1802884695722775,"(21, 0.0, 6, 3000)",23.021436243992866
620,1.1961487541194349,"(21, 0.0, 7, 1000)",7.650719015963659
621,1.2344689615372129,"(21, 0.0, 7, 1500)",11.633201985168853
622,1.279656328877215,"(21, 0.0, 7, 2000)",15.042147814876444
623,1.2574316886253654,"(21, 0.0, 7, 2500)",20.664586979630258
624,1.2227947375600172,"(21, 0.0, 7, 3000)",25.17153437098841
625,1.2177906359354145,"(21, 0.0, 8, 1000)",8.211077664897857
626,1.2435758801505847,"(21, 0.0, 8, 1500)",12.223435939484261
627,1.2831035876208368,"(21, 0.0, 8, 2000)",16.73280207400694
628,1.2636937113423996,"(21, 0.0, 8, 2500)",20.448516501398444
629,1.2130017257569468,"(21, 0.0, 8, 3000)",25.670990866158718
630,0.9897188636967366,"(21, 0.25, 3, 1000)",11.271966967869048
631,0.9806980854229016,"(21, 0.25, 3, 1500)",17.22088449788953
632,1.0016033453757274,"(21, 0.25, 3, 2000)",22.940287103529045
633,0.9934291246182778,"(21, 0.25, 3, 2500)",28.415619862302265
634,0.9550969887743979,"(21, 0.25, 3, 3000)",33.96560289087029
635,1.2487158451229334,"(21, 0.25, 4, 1000)",10.09512829144478
636,1.197403607818791,"(21, 0.25, 4, 1500)",15.125140206366268
637,1.2638243714566617,"(21, 0.25, 4, 2000)",20.187748722252763
638,1.2060655810377177,"(21, 0.25, 4, 2500)",25.25583866105808
639,1.222976380909848,"(21, 0.25, 4, 3000)",30.52931531800641
640,1.2246999387410193,"(21, 0.25, 5, 1000)",9.09565182166989
641,1.1739828495089621,"(21, 0.25, 5, 1500)",13.903889181444356
642,1.2631307971252896,"(21, 0.25, 5, 2000)",18.20546270545583
643,1.3334865762139945,"(21, 0.25, 5, 2500)",22.863018903240118
644,1.303149587765117,"(21, 0.25, 5, 3000)",27.062784515909698
645,1.1069862051373898,"(21, 0.25, 6, 1000)",8.643345732486523
646,1.1710775211371263,"(21, 0.25, 6, 1500)",13.069566662800753
647,1.1549776884508045,"(21, 0.25, 6, 2000)",17.42963896249239
648,1.1931145455140402,"(21, 0.25, 6, 2500)",21.57306696800788
649,1.234309444028665,"(21, 0.25, 6, 3000)",26.114537462162843
650,1.2606243993593929,"(21, 0.25, 7, 1000)",8.394610208839367
651,1.223125245454995,"(21, 0.25, 7, 1500)",12.503799225878538
652,1.2879974361673436,"(21, 0.25, 7, 2000)",16.931982975489518
653,1.2848893417648095,"(21, 0.25, 7, 2500)",21.20060035563165
654,1.2515769474865759,"(21, 0.25, 7, 3000)",25.31805075784905
655,1.255348571439219,"(21, 0.25, 8, 1000)",8.610240407649144
656,1.2498463372371214,"(21, 0.25, 8, 1500)",12.506326083342174
657,1.2679667543072035,"(21, 0.25, 8, 2000)",16.673112364840563
658,1.2804906921159913,"(21, 0.25, 8, 2500)",20.736765985620877
659,1.2710620779954995,"(21, 0.25, 8, 3000)",25.712186325358743
660,1.2282062103204867,"(21, 0.5, 3, 1000)",17.24081468454733
661,1.1869801578331083,"(21, 0.5, 3, 1500)",25.823677031577972
662,1.1666571714696201,"(21, 0.5, 3, 2000)",34.971196897929985
663,1.1964759315364062,"(21, 0.5, 3, 2500)",42.76909188178979
664,1.0752382061444223,"(21, 0.5, 3, 3000)",51.660997976000544
665,0.9879352212527438,"(21, 0.5, 4, 1000)",16.406095188075597
666,1.193696837236776,"(21, 0.5, 4, 1500)",24.025616663569963
667,1.2625373073634418,"(21, 0.5, 4, 2000)",31.843823446835813
668,1.0782049536814584,"(21, 0.5, 4, 2500)",39.274572885661655
669,1.151321442277335,"(21, 0.5, 4, 3000)",47.388947477961665
670,1.3503569483757019,"(21, 0.5, 5, 1000)",14.137341757123068
671,1.3037367549560526,"(21, 0.5, 5, 1500)",20.815569855945796
672,1.3832215267945738,"(21, 0.5, 5, 2000)",27.876863679603048
673,1.320669678357594,"(21, 0.5, 5, 2500)",34.46716244662366
674,1.184464230015874,"(21, 0.5, 5, 3000)",41.310774414067964
675,1.5841004893402841,"(21, 0.5, 6, 1000)",13.335361058459966
676,1.1831845332484914,"(21, 0.5, 6, 1500)",19.894271758003015
677,1.216056905566331,"(21, 0.5, 6, 2000)",26.41555588769006
678,1.2688945622977745,"(21, 0.5, 6, 2500)",33.01466610979878
679,1.2608993829063633,"(21, 0.5, 6, 3000)",40.24413605639802
680,1.1152606051853473,"(21, 0.5, 7, 1000)",12.774222980854574
681,1.324803607965655,"(21, 0.5, 7, 1500)",18.95717304853042
682,1.1145477742285412,"(21, 0.5, 7, 2000)",25.30712618503094
683,1.1485187461380573,"(21, 0.5, 7, 2500)",31.427735089235284
684,1.2042138704810947,"(21, 0.5, 7, 3000)",37.88267223906951
685,1.1653840415617998,"(21, 0.5, 8, 1000)",12.45837697249226
686,1.3159969998742727,"(21, 0.5, 8, 1500)",18.411169296656226
687,1.3882714977816624,"(21, 0.5, 8, 2000)",24.439217274819384
688,1.390106837451458,"(21, 0.5, 8, 2500)",30.484454588502558
689,1.3464739622438655,"(21, 0.5, 8, 3000)",36.66640592589283
690,1.0664497746866852,"(21, 0.75, 3, 1000)",17.855159524465307
691,1.2309587952954804,"(21, 0.75, 3, 1500)",26.637529909527075
692,1.0510144219117457,"(21, 0.75, 3, 2000)",34.78584317280547
693,1.0654120818684425,"(21, 0.75, 3, 2500)",43.26665931005209
694,1.1505738389020896,"(21, 0.75, 3, 3000)",52.37113655506346
695,1.1886174368658378,"(21, 0.75, 4, 1000)",16.46335609693506
696,1.0593489528332345,"(21, 0.75, 4, 1500)",24.535391509256442
697,1.124130307433798,"(21, 0.75, 4, 2000)",32.20642539764049
698,0.978435600762639,"(21, 0.75, 4, 2500)",39.69565349786171
699,1.0635343871572438,"(21, 0.75, 4, 3000)",48.48570335056684
700,1.0303126628483263,"(21, 0.75, 5, 1000)",14.707965677202083
701,1.137490838604486,"(21, 0.75, 5, 1500)",22.015467608313884
702,1.2013252905569969,"(21, 0.75, 5, 2000)",29.793731326190027
703,1.0594595447703101,"(21, 0.75, 5, 2500)",36.655507054667396
704,1.0856337741400828,"(21, 0.75, 5, 3000)",44.023506339493
705,1.219032021420186,"(21, 0.75, 6, 1000)",13.997172266307643
706,1.1501543527688174,"(21, 0.75, 6, 1500)",20.93690399198931
707,1.1423927544068326,"(21, 0.75, 6, 2000)",27.296721510694624
708,1.0708880850250888,"(21, 0.75, 6, 2500)",34.162487411109396
709,1.1128894890713341,"(21, 0.75, 6, 3000)",40.97550917784247
710,1.1391548517543604,"(21, 0.75, 7, 1000)",13.138180131832996
711,1.102310730210122,"(21, 0.75, 7, 1500)",20.14343079916671
712,1.03536187086857,"(21, 0.75, 7, 2000)",26.23305950895974
713,1.107364797696252,"(21, 0.75, 7, 2500)",32.49665166941577
714,1.1450651036685002,"(21, 0.75, 7, 3000)",38.33143290557928
715,1.353903554675772,"(21, 0.75, 8, 1000)",12.839958430472507
716,1.232664393381599,"(21, 0.75, 8, 1500)",19.047200691707076
717,1.1009996152592496,"(21, 0.75, 8, 2000)",25.155152680020365
718,1.1765171579359208,"(21, 0.75, 8, 2500)",31.482135578683483
719,1.1236835986457985,"(21, 0.75, 8, 3000)",37.46892691669018
720,1.2688686324064347,"(21, 1.0, 3, 1000)",19.23656861416839
721,1.0619170382659993,"(21, 1.0, 3, 1500)",27.768506611874727
722,1.0608142791370696,"(21, 1.0, 3, 2000)",36.72286002829878
723,1.208305819559952,"(21, 1.0, 3, 2500)",45.15554407054515
724,1.163349122885869,"(21, 1.0, 3, 3000)",58.05876556936619
725,1.157133658931536,"(21, 1.0, 4, 1000)",16.29067493214916
726,0.9843534204150168,"(21, 1.0, 4, 1500)",24.626848663728197
727,1.019014901992769,"(21, 1.0, 4, 2000)",31.025888206461786
728,1.1160751753979745,"(21, 1.0, 4, 2500)",38.452726533681016
729,1.1014541847521768,"(21, 1.0, 4, 3000)",46.29592057091122
730,1.0625119000673295,"(21, 1.0, 5, 1000)",13.868543069021143
731,1.189194707764203,"(21, 1.0, 5, 1500)",20.895189472404127
732,1.1219196494449588,"(21, 1.0, 5, 2000)",27.48101895632044
733,1.1964493207962197,"(21, 1.0, 5, 2500)",34.59335585947247
734,1.0968664423124317,"(21, 1.0, 5, 3000)",42.45209125740894
735,1.263570413141347,"(21, 1.0, 6, 1000)",14.528184168659209
736,1.2313344626406701,"(21, 1.0, 6, 1500)",21.918748611905357
737,1.1636291182545175,"(21, 1.0, 6, 2000)",29.00949198850776
738,1.2684906672905472,"(21, 1.0, 6, 2500)",36.002841143218575
739,1.1507588399909712,"(21, 1.0, 6, 3000)",43.08979074156014
740,1.0860161304583444,"(21, 1.0, 7, 1000)",13.835166480655062
741,1.1498455001041292,"(21, 1.0, 7, 1500)",20.402386336810196
742,1.2147004689322785,"(21, 1.0, 7, 2000)",27.568351005504155
743,1.1703649685553768,"(21, 1.0, 7, 2500)",34.03462032185689
744,1.1739196813227062,"(21, 1.0, 7, 3000)",40.10761563271262
745,1.0816337928175928,"(21, 1.0, 8, 1000)",12.969976631108693
746,1.230580336480018,"(21, 1.0, 8, 1500)",19.38289112163875
747,1.391746894423576,"(21, 1.0, 8, 2000)",25.903084051185942
748,1.1859073002767913,"(21, 1.0, 8, 2500)",31.891871732303116
749,1.2217936387833426,"(21, 1.0, 8, 3000)",38.259998686982726
750,0.9433928935843356,"(41, 0.0, 3, 1000)",11.982703667645183
751,1.025154152819339,"(41, 0.0, 3, 1500)",17.823571152197474
752,1.0259819031638258,"(41, 0.0, 3, 2000)",23.694268126255338
753,1.01275460787994,"(41, 0.0, 3, 2500)",29.57428276498831
754,1.0389974343426087,"(41, 0.0, 3, 3000)",35.55257581620208
755,0.9607442999149071,"(41, 0.0, 4, 1000)",10.767755119712092
756,1.0183133783914586,"(41, 0.0, 4, 1500)",15.906561029405566
757,0.9227701468393206,"(41, 0.0, 4, 2000)",21.257828020043235
758,0.9655552193522454,"(41, 0.0, 4, 2500)",25.10124080015885
759,1.089782002765466,"(41, 0.0, 4, 3000)",28.989946208244874
760,1.1754646285163128,"(41, 0.0, 5, 1000)",8.070328212104869
761,1.0930460992707487,"(41, 0.0, 5, 1500)",11.77974826409445
762,1.2687589629224556,"(41, 0.0, 5, 2000)",16.564465595483853
763,1.1795874831321485,"(41, 0.0, 5, 2500)",21.33244951523011
764,1.1297083540326531,"(41, 0.0, 5, 3000)",24.216040865529067
765,1.2333614582962849,"(41, 0.0, 6, 1000)",7.736572664962296
766,1.1619803002871134,"(41, 0.0, 6, 1500)",11.962805328610557
767,1.2087414393749307,"(41, 0.0, 6, 2000)",16.788809192230474
768,1.1585803252206568,"(41, 0.0, 6, 2500)",19.16649043383768
769,1.1777477580341784,"(41, 0.0, 6, 3000)",24.27318472040497
770,1.2768629527404247,"(41, 0.0, 7, 1000)",7.661341036360682
771,1.3046079805997364,"(41, 0.0, 7, 1500)",12.011683049100611
772,1.2582495298181824,"(41, 0.0, 7, 2000)",15.368877329383395
773,1.232853160968379,"(41, 0.0, 7, 2500)",20.279011159238507
774,1.2499169803334071,"(41, 0.0, 7, 3000)",23.501134641413955
775,1.1765409755246603,"(41, 0.0, 8, 1000)",7.482861089889411
776,1.2037530439714081,"(41, 0.0, 8, 1500)",11.786441293515963
777,1.2393849350785946,"(41, 0.0, 8, 2000)",15.24856343473948
778,1.2633292480892337,"(41, 0.0, 8, 2500)",17.737487026983217
779,1.2360727534465055,"(41, 0.0, 8, 3000)",21.608168077229493
780,1.0541408419718636,"(41, 0.25, 3, 1000)",10.917828662581087
781,0.9891542861785959,"(41, 0.25, 3, 1500)",16.650245212727896
782,1.0412000577896834,"(41, 0.25, 3, 2000)",25.19274516733276
783,1.013367960010381,"(41, 0.25, 3, 2500)",27.308086083565286
784,1.0418114617466925,"(41, 0.25, 3, 3000)",31.16129005222865
785,1.1227467336417998,"(41, 0.25, 4, 1000)",9.345167891451638
786,1.0746326208114623,"(41, 0.25, 4, 1500)",13.535446264817438
787,0.9868518801186891,"(41, 0.25, 4, 2000)",18.903272063906115
788,0.9575853318414267,"(41, 0.25, 4, 2500)",23.821139558242066
789,0.9983776295009781,"(41, 0.25, 4, 3000)",27.884947109199857
790,1.2213540751432235,"(41, 0.25, 5, 1000)",8.899338882454686
791,1.2688010971226238,"(41, 0.25, 5, 1500)",11.77788266386051
792,1.1330470383276836,"(41, 0.25, 5, 2000)",15.910186350500226
793,1.1755172996288714,"(41, 0.25, 5, 2500)",20.57997594666449
794,1.1908004019902472,"(41, 0.25, 5, 3000)",23.16430943039086
795,1.1588371288661352,"(41, 0.25, 6, 1000)",7.44380808175265
796,1.192267553185058,"(41, 0.25, 6, 1500)",10.893618322998009
797,1.1737085311125743,"(41, 0.25, 6, 2000)",15.284811617117157
798,1.1723827051738387,"(41, 0.25, 6, 2500)",19.404033194161457
799,1.2329531418488306,"(41, 0.25, 6, 3000)",22.90166180338565
800,1.1939548749476672,"(41, 0.25, 7, 1000)",8.146042583624876
801,1.2933325450456536,"(41, 0.25, 7, 1500)",12.034885998078607
802,1.2583238954190163,"(41, 0.25, 7, 2000)",15.090288849562057
803,1.267543403683778,"(41, 0.25, 7, 2500)",16.872171463131963
804,1.2785089538432657,"(41, 0.25, 7, 3000)",20.31961715804755
805,1.2588751002653118,"(41, 0.25, 8, 1000)",7.1981369140503375
806,1.258264839210931,"(41, 0.25, 8, 1500)",10.619861742206922
807,1.28512435082401,"(41, 0.25, 8, 2000)",14.756976375487284
808,1.3226254106526647,"(41, 0.25, 8, 2500)",17.418218516599154
809,1.3215088918900992,"(41, 0.25, 8, 3000)",19.98085119756979
810,1.326513002878603,"(41, 0.5, 3, 1000)",12.917449564118215
811,1.319162757682395,"(41, 0.5, 3, 1500)",18.88440542024
812,1.2981040313429035,"(41, 0.5, 3, 2000)",25.549034025274523
813,1.26704241862411,"(41, 0.5, 3, 2500)",31.597511974288864
814,1.3640605709268985,"(41, 0.5, 3, 3000)",39.41545894799492
815,1.1116957542869974,"(41, 0.5, 4, 1000)",11.963909938272991
816,1.209049718405175,"(41, 0.5, 4, 1500)",17.769044389720875
817,1.1544841666103287,"(41, 0.5, 4, 2000)",24.084860226650562
818,1.1993183356326294,"(41, 0.5, 4, 2500)",30.999870095220103
819,1.079516121367102,"(41, 0.5, 4, 3000)",36.972019628195994
820,1.1189356363433247,"(41, 0.5, 5, 1000)",10.880633432461764
821,1.1193002184852956,"(41, 0.5, 5, 1500)",16.633595889979915
822,1.2072642580359516,"(41, 0.5, 5, 2000)",22.883734385237403
823,1.2275329205947108,"(41, 0.5, 5, 2500)",27.26244313173811
824,1.1500680461306783,"(41, 0.5, 5, 3000)",32.943183002307705
825,0.9908569124855978,"(41, 0.5, 6, 1000)",9.991656481481186
826,1.10090576133636,"(41, 0.5, 6, 1500)",15.54225467203105
827,1.2049275032025488,"(41, 0.5, 6, 2000)",19.674121990363346
828,1.0322106771828496,"(41, 0.5, 6, 2500)",25.36417561449889
829,1.0932790613130612,"(41, 0.5, 6, 3000)",30.071489532887426
830,1.1223216855953282,"(41, 0.5, 7, 1000)",9.787605966679621
831,1.163256574405686,"(41, 0.5, 7, 1500)",15.095095605727693
832,1.2284706408089465,"(41, 0.5, 7, 2000)",19.398861587160354
833,1.1181668283157598,"(41, 0.5, 7, 2500)",23.505912622975302
834,1.3099062403787256,"(41, 0.5, 7, 3000)",28.918171722942134
835,1.1951166000128175,"(41, 0.5, 8, 1000)",9.577336784423096
836,1.1084084480699592,"(41, 0.5, 8, 1500)",13.87417451100373
837,1.1607301605947533,"(41, 0.5, 8, 2000)",18.783821407470896
838,1.1359505014165359,"(41, 0.5, 8, 2500)",23.47532717147078
839,1.148506977699478,"(41, 0.5, 8, 3000)",27.554045276707257
840,1.3143010491833969,"(41, 0.75, 3, 1000)",13.284527782163423
841,1.2271245415103347,"(41, 0.75, 3, 1500)",19.991469306851286
842,1.0872913874685763,"(41, 0.75, 3, 2000)",25.987719388916958
843,1.1571153586648186,"(41, 0.75, 3, 2500)",32.27052153276418
844,1.0591890717144399,"(41, 0.75, 3, 3000)",38.50091785408404
845,1.0204299571677384,"(41, 0.75, 4, 1000)",12.226742784348971
846,0.982407311733593,"(41, 0.75, 4, 1500)",18.164323678012806
847,1.0466803104397566,"(41, 0.75, 4, 2000)",27.97827880359182
848,1.0036106995087775,"(41, 0.75, 4, 2500)",33.29810799975894
849,1.01008461387828,"(41, 0.75, 4, 3000)",40.70380118143112
850,1.043062175703509,"(41, 0.75, 5, 1000)",12.099556787246911
851,1.082091816622928,"(41, 0.75, 5, 1500)",16.598020139430446
852,1.139849953682107,"(41, 0.75, 5, 2000)",22.70788019147767
853,1.1131523520069415,"(41, 0.75, 5, 2500)",27.543155345161722
854,1.0047429819248945,"(41, 0.75, 5, 3000)",37.34388839922394
855,1.006834024327862,"(41, 0.75, 6, 1000)",11.785879490271327
856,1.070843354064752,"(41, 0.75, 6, 1500)",17.502809435278323
857,0.9513203437768799,"(41, 0.75, 6, 2000)",22.95015344129024
858,0.9872545603224461,"(41, 0.75, 6, 2500)",28.57098485980896
859,0.9610949979492409,"(41, 0.75, 6, 3000)",34.73289035338166
860,0.9359806770623168,"(41, 0.75, 7, 1000)",11.19129777667331
861,1.070777975307668,"(41, 0.75, 7, 1500)",16.734939496500374
862,1.1154811958618025,"(41, 0.75, 7, 2000)",22.32002167873361
863,1.016074476522558,"(41, 0.75, 7, 2500)",27.96928967228996
864,1.0455019995241481,"(41, 0.75, 7, 3000)",32.87403929829088
865,1.1329005729626207,"(41, 0.75, 8, 1000)",11.019875989826687
866,1.1193303651066826,"(41, 0.75, 8, 1500)",16.794954666029298
867,1.031950699800954,"(41, 0.75, 8, 2000)",22.368473646791244
868,1.1337742915267452,"(41, 0.75, 8, 2500)",28.184237382125502
869,1.0369620330631732,"(41, 0.75, 8, 3000)",33.40265536541665
870,1.0138468151145121,"(41, 1.0, 3, 1000)",14.000464025455585
871,0.9902807014391702,"(41, 1.0, 3, 1500)",21.462576388896196
872,0.973123530977789,"(41, 1.0, 3, 2000)",28.15335915598007
873,1.0877254596418318,"(41, 1.0, 3, 2500)",35.23127855635357
874,1.079789939785705,"(41, 1.0, 3, 3000)",42.36054079499081
875,1.067202156628756,"(41, 1.0, 4, 1000)",13.422656510812885
876,0.876173979509622,"(41, 1.0, 4, 1500)",20.97384891096226
877,1.0455717157134239,"(41, 1.0, 4, 2000)",27.519131900842694
878,1.02024099208305,"(41, 1.0, 4, 2500)",34.526676155768655
879,1.0847799984190394,"(41, 1.0, 4, 3000)",40.85246700348762
880,0.9769124407211647,"(41, 1.0, 5, 1000)",13.421330643979672
881,0.9847711265087128,"(41, 1.0, 5, 1500)",19.65958634407434
882,0.9747920664725825,"(41, 1.0, 5, 2000)",25.792118551380554
883,1.0296534216414919,"(41, 1.0, 5, 2500)",32.61804586895778
884,0.9582340287373348,"(41, 1.0, 5, 3000)",38.63170151513623
885,0.9235449815168977,"(41, 1.0, 6, 1000)",12.774921393640398
886,1.0575275704319425,"(41, 1.0, 6, 1500)",19.057043283435632
887,1.009071820678518,"(41, 1.0, 6, 2000)",25.210603302930394
888,0.969560129644678,"(41, 1.0, 6, 2500)",31.879477140249946
889,1.0815823049640612,"(41, 1.0, 6, 3000)",37.799152406241774
890,0.9571009233539157,"(41, 1.0, 7, 1000)",12.534758467903885
891,0.7753591518849134,"(41, 1.0, 7, 1500)",18.06304907467529
892,0.9603945875992341,"(41, 1.0, 7, 2000)",24.711568649088804
893,0.8554420420968467,"(41, 1.0, 7, 2500)",30.41597996393284
894,0.9010794436887783,"(41, 1.0, 7, 3000)",36.154548133908975
895,0.8707124183611835,"(41, 1.0, 8, 1000)",11.550392577824823
896,0.9251479361158359,"(41, 1.0, 8, 1500)",16.912868534969675
897,0.8822080739883376,"(41, 1.0, 8, 2000)",21.99533264702768
898,0.9881506936042569,"(41, 1.0, 8, 2500)",28.603476978219987
899,0.9403424153761829,"(41, 1.0, 8, 3000)",34.96834430074341
900,1.0591138449661872,"(61, 0.0, 3, 1000)",12.139547624070474
901,1.1570399093606016,"(61, 0.0, 3, 1500)",17.673310714069885
902,1.0830737856381079,"(61, 0.0, 3, 2000)",23.386595782423683
903,1.0679735286490006,"(61, 0.0, 3, 2500)",29.560693607707435
904,1.1305811171146,"(61, 0.0, 3, 3000)",35.13358457569302
905,0.8878742187338716,"(61, 0.0, 4, 1000)",11.32156014242355
906,0.9791334788369781,"(61, 0.0, 4, 1500)",17.2546890736121
907,1.0191602320574662,"(61, 0.0, 4, 2000)",22.360943360121382
908,0.9946459569036961,"(61, 0.0, 4, 2500)",28.89979927616514
909,0.9778537068296881,"(61, 0.0, 4, 3000)",35.02969232122814
910,1.264698144130628,"(61, 0.0, 5, 1000)",10.095917497894334
911,1.1759041586452548,"(61, 0.0, 5, 1500)",15.22645084780379
912,1.1213333098930034,"(61, 0.0, 5, 2000)",20.187198931707826
913,1.0691038237939425,"(61, 0.0, 5, 2500)",24.495764405810405
914,1.1976673963753615,"(61, 0.0, 5, 3000)",30.046545301151127
915,1.077470101416111,"(61, 0.0, 6, 1000)",9.644766304098084
916,1.0699024480164927,"(61, 0.0, 6, 1500)",14.015265627334884
917,1.0841864599846303,"(61, 0.0, 6, 2000)",17.85381047032388
918,1.0423600676359936,"(61, 0.0, 6, 2500)",23.353575943307078
919,1.0568094612811416,"(61, 0.0, 6, 3000)",27.531438772248293
920,1.1074642784236108,"(61, 0.0, 7, 1000)",8.856701340533618
921,1.09651477197733,"(61, 0.0, 7, 1500)",13.205273854639017
922,1.0787685799686346,"(61, 0.0, 7, 2000)",18.231536410356057
923,1.1181442903409549,"(61, 0.0, 7, 2500)",22.069556046926664
924,1.1308922784676885,"(61, 0.0, 7, 3000)",26.104167987830806
925,1.1687008415047517,"(61, 0.0, 8, 1000)",8.607737854952575
926,1.2329039285918149,"(61, 0.0, 8, 1500)",13.49704417740395
927,1.239272051249795,"(61, 0.0, 8, 2000)",18.085777382317247
928,1.2263145470279542,"(61, 0.0, 8, 2500)",21.854903626017403
929,1.284382904896184,"(61, 0.0, 8, 3000)",26.634309667846537
930,1.126678149424055,"(61, 0.25, 3, 1000)",12.343560703944604
931,1.0677355371196482,"(61, 0.25, 3, 1500)",17.972750447335784
932,1.2030218293671222,"(61, 0.25, 3, 2000)",23.822952358470502
933,1.0916134686154477,"(61, 0.25, 3, 2500)",28.89557946610148
934,1.1345976335380008,"(61, 0.25, 3, 3000)",34.936054722036715
935,1.0900546795305082,"(61, 0.25, 4, 1000)",11.476433736690524
936,1.0612704082994775,"(61, 0.25, 4, 1500)",16.90777403273205
937,1.0244601667803876,"(61, 0.25, 4, 2000)",22.46367261760679
938,0.969631574127604,"(61, 0.25, 4, 2500)",28.369905113637287
939,1.023735929674962,"(61, 0.25, 4, 3000)",34.76942013579719
940,1.067813402178752,"(61, 0.25, 5, 1000)",9.910314579086844
941,1.124064057287486,"(61, 0.25, 5, 1500)",14.651754063715998
942,1.112322123677415,"(61, 0.25, 5, 2000)",19.70996760761591
943,1.256620022796971,"(61, 0.25, 5, 2500)",24.46179081419359
944,1.1848133468452622,"(61, 0.25, 5, 3000)",29.085675134687335
945,1.0746355565045687,"(61, 0.25, 6, 1000)",9.342865643537152
946,1.0487037993857966,"(61, 0.25, 6, 1500)",13.707025334226273
947,1.0251236964236288,"(61, 0.25, 6, 2000)",18.78976657648127
948,1.0691700026831206,"(61, 0.25, 6, 2500)",23.142407484750947
949,1.0629633953904405,"(61, 0.25, 6, 3000)",27.45743076284998
950,1.0428537832134785,"(61, 0.25, 7, 1000)",8.961186966500463
951,1.1208735812921078,"(61, 0.25, 7, 1500)",13.590942424241803
952,1.1218928727047408,"(61, 0.25, 7, 2000)",17.770187551770505
953,1.1015471483142498,"(61, 0.25, 7, 2500)",22.651367701761046
954,1.1011383450863992,"(61, 0.25, 7, 3000)",27.373498028382528
955,1.2387642877121618,"(61, 0.25, 8, 1000)",8.798311796612325
956,1.290183927965186,"(61, 0.25, 8, 1500)",13.786832125311776
957,1.2667493933181773,"(61, 0.25, 8, 2000)",17.49403848813199
958,1.2485710527254816,"(61, 0.25, 8, 2500)",22.229896257766086
959,1.2470810720532695,"(61, 0.25, 8, 3000)",26.39056304642145
960,0.9888018740779337,"(61, 0.5, 3, 1000)",14.067273075208504
961,1.0181884191848118,"(61, 0.5, 3, 1500)",21.423370568045357
962,0.9505624955081764,"(61, 0.5, 3, 2000)",28.304579213279794
963,1.132705199356903,"(61, 0.5, 3, 2500)",34.796152583636285
964,1.1166721270967492,"(61, 0.5, 3, 3000)",41.622937831487434
965,1.1233254087541034,"(61, 0.5, 4, 1000)",14.039440766910047
966,1.1057238396299105,"(61, 0.5, 4, 1500)",19.85992325840016
967,1.1674390016342786,"(61, 0.5, 4, 2000)",26.759934852056176
968,1.0070366512655335,"(61, 0.5, 4, 2500)",33.22942189579953
969,1.1176095735815845,"(61, 0.5, 4, 3000)",39.70709489613728
970,1.1064572947976343,"(61, 0.5, 5, 1000)",12.742501910161081
971,1.0838336766642682,"(61, 0.5, 5, 1500)",18.411831671341133
972,1.0599617373417405,"(61, 0.5, 5, 2000)",24.283243540730837
973,1.0537301518789985,"(61, 0.5, 5, 2500)",29.916830770391243
974,1.1155406750957755,"(61, 0.5, 5, 3000)",36.449965568248444
975,1.1557929703650776,"(61, 0.5, 6, 1000)",11.409309283724724
976,0.8640790902187719,"(61, 0.5, 6, 1500)",17.14073380834816
977,0.9401161228361374,"(61, 0.5, 6, 2000)",23.031446734157726
978,1.0287302550969317,"(61, 0.5, 6, 2500)",29.038833147787955
979,0.9512834002209062,"(61, 0.5, 6, 3000)",34.72321817437478
980,0.9896418602760497,"(61, 0.5, 7, 1000)",11.05707289613565
981,1.1390838355319026,"(61, 0.5, 7, 1500)",16.599674260278334
982,1.0631250743493985,"(61, 0.5, 7, 2000)",21.956715169109884
983,1.0431809292339227,"(61, 0.5, 7, 2500)",26.84105298299255
984,1.1307977172929575,"(61, 0.5, 7, 3000)",32.31151836336903
985,1.0878812168615266,"(61, 0.5, 8, 1000)",10.965755982953851
986,1.0681782152846127,"(61, 0.5, 8, 1500)",16.166422548118135
987,1.1776410948375569,"(61, 0.5, 8, 2000)",21.568843805569486
988,1.0895878337159315,"(61, 0.5, 8, 2500)",26.886272696670858
989,1.0916176166851073,"(61, 0.5, 8, 3000)",32.26499932254046
990,1.1604619619272212,"(61, 0.75, 3, 1000)",13.900279504796345
991,1.1907825984718168,"(61, 0.75, 3, 1500)",20.59143438621504
992,1.2458124605938792,"(61, 0.75, 3, 2000)",27.087429826975495
993,1.1357169369126068,"(61, 0.75, 3, 2500)",33.3023820066519
994,1.2142147975946394,"(61, 0.75, 3, 3000)",39.97845033377416
995,1.1731297163621466,"(61, 0.75, 4, 1000)",13.325021476195616
996,1.144144535985063,"(61, 0.75, 4, 1500)",20.080493749905145
997,1.1340061403564452,"(61, 0.75, 4, 2000)",26.407791493051263
998,1.1206084672361614,"(61, 0.75, 4, 2500)",32.413481881074404
999,1.17081584852901,"(61, 0.75, 4, 3000)",39.18784733814027
1000,1.1082323417286664,"(61, 0.75, 5, 1000)",12.508382769323362
1001,1.1001064146430615,"(61, 0.75, 5, 1500)",18.123600904584237
1002,1.1207008091404158,"(61, 0.75, 5, 2000)",24.552118774867267
1003,1.1918828879154342,"(61, 0.75, 5, 2500)",29.33748283650675
1004,1.1021349942640346,"(61, 0.75, 5, 3000)",32.54828085692134
1005,1.0839380470816702,"(61, 0.75, 6, 1000)",10.611757918954027
1006,1.2512393170693779,"(61, 0.75, 6, 1500)",16.07763724160577
1007,1.1284805006292813,"(61, 0.75, 6, 2000)",21.285148531449522
1008,1.0500555542188095,"(61, 0.75, 6, 2500)",26.232997210538088
1009,1.1981568803243778,"(61, 0.75, 6, 3000)",31.521276866194967
1010,1.1143966112943258,"(61, 0.75, 7, 1000)",10.214325843091501
1011,1.0333445728592134,"(61, 0.75, 7, 1500)",15.330959940440152
1012,1.0835591219256029,"(61, 0.75, 7, 2000)",20.635333540994907
1013,0.9916584445163608,"(61, 0.75, 7, 2500)",25.438670557294245
1014,1.0195481961921735,"(61, 0.75, 7, 3000)",29.610817575980036
1015,1.086842788016314,"(61, 0.75, 8, 1000)",9.618730034124383
1016,1.2263885920757756,"(61, 0.75, 8, 1500)",14.572074942487234
1017,1.1600262228399516,"(61, 0.75, 8, 2000)",19.191144963955594
1018,1.1984293253215796,"(61, 0.75, 8, 2500)",23.618003126095573
1019,1.177893398351529,"(61, 0.75, 8, 3000)",28.6203204597241
1020,1.1162206737324596,"(61, 1.0, 3, 1000)",11.337319687278068
1021,1.0414206002475968,"(61, 1.0, 3, 1500)",17.145162304143014
1022,1.0828439702346633,"(61, 1.0, 3, 2000)",23.046081834421784
1023,1.0605936969356502,"(61, 1.0, 3, 2500)",28.49218992916758
1024,1.0157044192656244,"(61, 1.0, 3, 3000)",34.33842709059718
1025,1.0650701338117121,"(61, 1.0, 4, 1000)",11.281035438860272
1026,1.0120502763729105,"(61, 1.0, 4, 1500)",16.75948730914206
1027,0.9971537196204093,"(61, 1.0, 4, 2000)",22.437278201558
1028,1.06333070452777,"(61, 1.0, 4, 2500)",27.569724364408103
1029,1.0046749332988196,"(61, 1.0, 4, 3000)",32.9949443295136
1030,1.0216927803655647,"(61, 1.0, 5, 1000)",10.741594811634059
1031,0.9777540254995556,"(61, 1.0, 5, 1500)",16.245752462949895
1032,1.0081279735916349,"(61, 1.0, 5, 2000)",21.30287033687273
1033,0.9805178402625161,"(61, 1.0, 5, 2500)",26.204334908487
1034,1.066337568143054,"(61, 1.0, 5, 3000)",31.49655919956058
1035,0.996296192344444,"(61, 1.0, 6, 1000)",10.594376659602858
1036,1.0094945792273124,"(61, 1.0, 6, 1500)",15.706463251613968
1037,1.073757510940435,"(61, 1.0, 6, 2000)",20.987529700001687
1038,0.9559482684715048,"(61, 1.0, 6, 2500)",25.76848984996832
1039,1.0878521535590098,"(61, 1.0, 6, 3000)",31.267450751422075
1040,0.7610964289197214,"(61, 1.0, 7, 1000)",10.142824856231528
1041,0.952059103155454,"(61, 1.0, 7, 1500)",14.939238925617246
1042,0.9133618064440431,"(61, 1.0, 7, 2000)",17.96166216655729
1043,0.9120630043034907,"(61, 1.0, 7, 2500)",22.022196117106432
1044,1.042296966887978,"(61, 1.0, 7, 3000)",26.583424988370098
1045,0.8567277587354458,"(61, 1.0, 8, 1000)",8.49665222814474
1046,0.930562895897995,"(61, 1.0, 8, 1500)",12.703582717915197
1047,0.9499627488761155,"(61, 1.0, 8, 2000)",17.2610046807622
1048,0.9043007778496864,"(61, 1.0, 8, 2500)",21.22593765408601
1049,0.8858770269611448,"(61, 1.0, 8, 3000)",25.474913431733512
1050,1.2078869735712514,"(81, 0.0, 3, 1000)",9.371246066188178
1051,1.1467757699791998,"(81, 0.0, 3, 1500)",14.245848843915155
1052,1.189758447842563,"(81, 0.0, 3, 2000)",18.772654625097857
1053,1.2563874331905562,"(81, 0.0, 3, 2500)",23.356206724594813
1054,1.2076064761289778,"(81, 0.0, 3, 3000)",28.002971606725623
1055,1.0933054541621139,"(81, 0.0, 4, 1000)",9.09812224738016
1056,1.0165959262891728,"(81, 0.0, 4, 1500)",13.416280560795713
1057,0.9978587355464698,"(81, 0.0, 4, 2000)",17.98653488083073
1058,0.9842160925597829,"(81, 0.0, 4, 2500)",22.657903448622164
1059,1.0670015767874086,"(81, 0.0, 4, 3000)",27.14983887617018
1060,1.2129476978936615,"(81, 0.0, 5, 1000)",7.565986179808533
1061,1.2523823236717897,"(81, 0.0, 5, 1500)",11.35507948636041
1062,1.3325711011119625,"(81, 0.0, 5, 2000)",15.065413621005064
1063,1.1986392951515668,"(81, 0.0, 5, 2500)",18.81512231302986
1064,1.265557042279226,"(81, 0.0, 5, 3000)",22.404362565632255
1065,1.177162639084546,"(81, 0.0, 6, 1000)",7.006133181732366
1066,1.333347866634893,"(81, 0.0, 6, 1500)",10.366087868713294
1067,1.2959162258816992,"(81, 0.0, 6, 2000)",13.821047647115847
1068,1.2555884729386033,"(81, 0.0, 6, 2500)",17.274388225319854
1069,1.2792784678037552,"(81, 0.0, 6, 3000)",20.61066671881599
1070,1.286977417339735,"(81, 0.0, 7, 1000)",6.627529476512791
1071,1.1841623835429986,"(81, 0.0, 7, 1500)",10.15096611441004
1072,1.353224156676408,"(81, 0.0, 7, 2000)",13.457263423146287
1073,1.256151030229076,"(81, 0.0, 7, 2500)",16.483025915305916
1074,1.3583082651034655,"(81, 0.0, 7, 3000)",19.51989596443127
1075,1.2136216985938304,"(81, 0.0, 8, 1000)",6.480468886409653
1076,1.2432372955714954,"(81, 0.0, 8, 1500)",10.030985781713753
1077,1.2716109142474392,"(81, 0.0, 8, 2000)",12.944918697767207
1078,1.252530870740028,"(81, 0.0, 8, 2500)",16.25373029253751
1079,1.2522266197785297,"(81, 0.0, 8, 3000)",19.53591448075167
1080,1.3130905771737589,"(81, 0.25, 3, 1000)",9.368364694393676
1081,1.277930372580886,"(81, 0.25, 3, 1500)",14.073598739505542
1082,1.399913037809379,"(81, 0.25, 3, 2000)",18.510664344212273
1083,1.2518341829452444,"(81, 0.25, 3, 2500)",23.10638558811297
1084,1.2604526897782788,"(81, 0.25, 3, 3000)",27.852322571723562
1085,1.0738733664593276,"(81, 0.25, 4, 1000)",9.039539382796647
1086,0.9734116897425231,"(81, 0.25, 4, 1500)",13.55030318099125
1087,0.9295263179523104,"(81, 0.25, 4, 2000)",17.87910754020595
1088,0.9884225535261281,"(81, 0.25, 4, 2500)",22.21228396346487
1089,1.0208553598426722,"(81, 0.25, 4, 3000)",26.975660035004694
1090,1.191395725698813,"(81, 0.25, 5, 1000)",7.499982539680786
1091,1.2938697112998103,"(81, 0.25, 5, 1500)",11.390643503571482
1092,1.220473314372494,"(81, 0.25, 5, 2000)",14.939002024000729
1093,1.2146065307397613,"(81, 0.25, 5, 2500)",18.517663837163127
1094,1.177393153857659,"(81, 0.25, 5, 3000)",22.334077655119472
1095,1.2129652648452012,"(81, 0.25, 6, 1000)",6.931772334191919
1096,1.2592398518915562,"(81, 0.25, 6, 1500)",10.493196481676932
1097,1.2650253410012844,"(81, 0.25, 6, 2000)",14.096734640852446
1098,1.3277413715608417,"(81, 0.25, 6, 2500)",17.215633271827755
1099,1.261690118059735,"(81, 0.25, 6, 3000)",20.908257893112022
1100,1.2251044915112503,"(81, 0.25, 7, 1000)",6.777730130506825
1101,1.2454882418243762,"(81, 0.25, 7, 1500)",10.215791951208303
1102,1.2876536031774082,"(81, 0.25, 7, 2000)",13.343441973771405
1103,1.2556264749125523,"(81, 0.25, 7, 2500)",16.736877452300178
1104,1.2287645275814132,"(81, 0.25, 7, 3000)",19.989904582846066
1105,1.2395957426496726,"(81, 0.25, 8, 1000)",6.5756496984940895
1106,1.2445610949112211,"(81, 0.25, 8, 1500)",9.839982735235026
1107,1.2963646265349407,"(81, 0.25, 8, 2000)",13.050341873058642
1108,1.2843142695560612,"(81, 0.25, 8, 2500)",16.661493010982667
1109,1.2531017564004285,"(81, 0.25, 8, 3000)",23.116595824329124
1110,1.2378125733586356,"(81, 0.5, 3, 1000)",12.934187445611315
1111,1.2417434241987342,"(81, 0.5, 3, 1500)",16.667931538784615
1112,1.3176061927114944,"(81, 0.5, 3, 2000)",22.030665349922856
1113,1.3187205934270476,"(81, 0.5, 3, 2500)",27.72093604075235
1114,1.2652138903778156,"(81, 0.5, 3, 3000)",33.1450896692204
1115,1.1758938187833443,"(81, 0.5, 4, 1000)",10.66546474482493
1116,1.0670809606473675,"(81, 0.5, 4, 1500)",15.773482663298637
1117,1.1242296228349649,"(81, 0.5, 4, 2000)",21.203773105240543
1118,1.1034469838005916,"(81, 0.5, 4, 2500)",27.12699463199897
1119,0.9961955473015277,"(81, 0.5, 4, 3000)",32.02704589550012
1120,0.9488221183241181,"(81, 0.5, 5, 1000)",10.230818721374817
1121,0.9931434654630721,"(81, 0.5, 5, 1500)",15.142741884792486
1122,0.9433673514108009,"(81, 0.5, 5, 2000)",20.115167430496513
1123,0.9371972009628627,"(81, 0.5, 5, 2500)",24.120524815303725
1124,1.0686942984733512,"(81, 0.5, 5, 3000)",29.843586824581507
1125,0.9352730328326716,"(81, 0.5, 6, 1000)",9.733237324855509
1126,1.0396220591128975,"(81, 0.5, 6, 1500)",13.612225855518773
1127,1.0125854110673946,"(81, 0.5, 6, 2000)",19.98841389059453
1128,1.066900868407067,"(81, 0.5, 6, 2500)",23.40014750478076
1129,1.0068959779106081,"(81, 0.5, 6, 3000)",29.067710840336076
1130,0.9457601097437232,"(81, 0.5, 7, 1000)",8.826764016095694
1131,0.9523841479076723,"(81, 0.5, 7, 1500)",13.673025761654571
1132,0.9629894710365026,"(81, 0.5, 7, 2000)",17.67584455566248
1133,1.0164192450164324,"(81, 0.5, 7, 2500)",23.106758261175855
1134,1.0653752838256287,"(81, 0.5, 7, 3000)",26.07357974268234
1135,0.9223467380406767,"(81, 0.5, 8, 1000)",9.012902198461234
1136,0.9210606591556879,"(81, 0.5, 8, 1500)",12.990865598840173
1137,0.9790413865805878,"(81, 0.5, 8, 2000)",17.703517067115172
1138,1.056702141291188,"(81, 0.5, 8, 2500)",22.83401549638438
1139,1.0117316416659914,"(81, 0.5, 8, 3000)",25.263456668373692
1140,1.2553721000056932,"(81, 0.75, 3, 1000)",10.850333771471924
1141,1.2582181777366819,"(81, 0.75, 3, 1500)",15.93429835356801
1142,1.266171018888845,"(81, 0.75, 3, 2000)",20.96738887205356
1143,1.4709177216843647,"(81, 0.75, 3, 2500)",25.81915103735446
1144,1.3369078014045952,"(81, 0.75, 3, 3000)",31.223621996647125
1145,1.1680680914179369,"(81, 0.75, 4, 1000)",10.300501041336247
1146,1.2521800171145623,"(81, 0.75, 4, 1500)",15.068672973800858
1147,1.2422837217543823,"(81, 0.75, 4, 2000)",20.30316674325877
1148,1.316902282658745,"(81, 0.75, 4, 2500)",26.70848529631985
1149,1.1795079824459902,"(81, 0.75, 4, 3000)",32.26285296035712
1150,1.2334264389020118,"(81, 0.75, 5, 1000)",11.112418477772735
1151,1.1546837498926938,"(81, 0.75, 5, 1500)",15.57189084087804
1152,1.173725826709586,"(81, 0.75, 5, 2000)",21.36541850989306
1153,1.1701631650328634,"(81, 0.75, 5, 2500)",25.221295164607
1154,1.1870703221517889,"(81, 0.75, 5, 3000)",30.833475762985472
1155,1.159578223630567,"(81, 0.75, 6, 1000)",10.545163980335928
1156,1.1867427718428456,"(81, 0.75, 6, 1500)",16.81263065557505
1157,1.1664005330270704,"(81, 0.75, 6, 2000)",20.329926289512514
1158,1.2009129759691215,"(81, 0.75, 6, 2500)",24.761973099939496
1159,1.1552594105822636,"(81, 0.75, 6, 3000)",30.045014380320936
1160,1.112431697711787,"(81, 0.75, 7, 1000)",9.587126017413539
1161,1.1294277214171256,"(81, 0.75, 7, 1500)",14.362699449233332
1162,1.1662906507139699,"(81, 0.75, 7, 2000)",19.23537097591543
1163,1.16229241490638,"(81, 0.75, 7, 2500)",23.300043161911162
1164,1.18659015082042,"(81, 0.75, 7, 3000)",28.02759596541
1165,1.2971931040287017,"(81, 0.75, 8, 1000)",9.632566708893137
1166,1.1847345544080086,"(81, 0.75, 8, 1500)",13.88335249312513
1167,1.244273692873471,"(81, 0.75, 8, 2000)",18.309143759885046
1168,1.2026904963614309,"(81, 0.75, 8, 2500)",23.320499672445294
1169,1.2088145115357989,"(81, 0.75, 8, 3000)",27.866898725955252
1170,0.9791268840103464,"(81, 1.0, 3, 1000)",14.109126159888547
1171,0.9536810558070155,"(81, 1.0, 3, 1500)",19.649592615827714
1172,0.8970947298796519,"(81, 1.0, 3, 2000)",25.49237263395844
1173,0.9025184447219704,"(81, 1.0, 3, 2500)",32.220233856533014
1174,0.9153859131051885,"(81, 1.0, 3, 3000)",39.615381005132804
1175,0.881496329287834,"(81, 1.0, 4, 1000)",11.89040590354125
1176,0.9867649164050817,"(81, 1.0, 4, 1500)",17.555799689627747
1177,0.922257786364678,"(81, 1.0, 4, 2000)",23.33316329309673
1178,0.8461497717783512,"(81, 1.0, 4, 2500)",28.340865668676997
1179,0.8602728379999891,"(81, 1.0, 4, 3000)",34.62354070139918
1180,0.9445133370511672,"(81, 1.0, 5, 1000)",11.047204044090904
1181,0.9622566558804144,"(81, 1.0, 5, 1500)",16.799314438001602
1182,1.06279511932448,"(81, 1.0, 5, 2000)",22.916953970412578
1183,0.957227419664645,"(81, 1.0, 5, 2500)",28.063208871521056
1184,0.9189606114482398,"(81, 1.0, 5, 3000)",33.414183925611724
1185,0.9559788045144695,"(81, 1.0, 6, 1000)",11.144289288164146
1186,0.9547672598567956,"(81, 1.0, 6, 1500)",16.930579165789823
1187,0.9059970505426035,"(81, 1.0, 6, 2000)",22.026720435143943
1188,0.9739160359700155,"(81, 1.0, 6, 2500)",27.600547276266298
1189,0.96892304823953,"(81, 1.0, 6, 3000)",32.20755487080169
1190,0.8820064621813157,"(81, 1.0, 7, 1000)",10.978657622683386
1191,0.8419236782335621,"(81, 1.0, 7, 1500)",16.202117308206653
1192,0.9349160283256104,"(81, 1.0, 7, 2000)",21.074563387239323
1193,0.9595056959592245,"(81, 1.0, 7, 2500)",26.926442885891447
1194,0.9355094294967679,"(81, 1.0, 7, 3000)",32.41783774194482
1195,0.8905251638087279,"(81, 1.0, 8, 1000)",10.669190357992193
1196,0.9063176971257608,"(81, 1.0, 8, 1500)",16.07105707568917
1197,0.9207093045992009,"(81, 1.0, 8, 2000)",21.45372945444251
1198,0.9160392225939122,"(81, 1.0, 8, 2500)",25.96930811038692
1199,0.8524837579906862,"(81, 1.0, 8, 3000)",31.668315945182258
1200,1.3634435560444698,"(101, 0.0, 3, 1000)",12.352056755815283
1201,1.1701312171843123,"(101, 0.0, 3, 1500)",18.078755819518847
1202,1.2087707913316348,"(101, 0.0, 3, 2000)",24.169472097706603
1203,1.2685980204164105,"(101, 0.0, 3, 2500)",31.526858581190027
1204,1.3065465054967824,"(101, 0.0, 3, 3000)",35.310266528285865
1205,0.94047740743879,"(101, 0.0, 4, 1000)",11.255964375355688
1206,1.1243781363591552,"(101, 0.0, 4, 1500)",17.045581212136312
1207,1.0031466710874264,"(101, 0.0, 4, 2000)",22.898188456918433
1208,1.047326777722029,"(101, 0.0, 4, 2500)",28.206939429455815
1209,1.0286502040922643,"(101, 0.0, 4, 3000)",34.14466559297216
1210,1.0725492596242794,"(101, 0.0, 5, 1000)",10.06038504893877
1211,1.1488658733063324,"(101, 0.0, 5, 1500)",15.210441550530959
1212,1.1531213641166687,"(101, 0.0, 5, 2000)",19.578585546481918
1213,1.2132194981855504,"(101, 0.0, 5, 2500)",24.65462677519463
1214,1.2193860711091582,"(101, 0.0, 5, 3000)",31.05309445754392
1215,1.10641446047846,"(101, 0.0, 6, 1000)",10.166154357611958
1216,1.0861696176888314,"(101, 0.0, 6, 1500)",15.369246929432848
1217,1.1875764440745116,"(101, 0.0, 6, 2000)",19.718993335751293
1218,1.1120669038856732,"(101, 0.0, 6, 2500)",24.726787063711527
1219,1.14953781847349,"(101, 0.0, 6, 3000)",29.972241723455227
1220,1.1707783238524023,"(101, 0.0, 7, 1000)",9.218414630911866
1221,1.1686553011484007,"(101, 0.0, 7, 1500)",13.885153001290746
1222,1.217938282833818,"(101, 0.0, 7, 2000)",17.932838391472615
1223,1.1941450264743145,"(101, 0.0, 7, 2500)",22.537709680986154
1224,1.1892605760134756,"(101, 0.0, 7, 3000)",26.852320336802222
1225,1.2269167256486766,"(101, 0.0, 8, 1000)",8.939278874830052
1226,1.1772569840171319,"(101, 0.0, 8, 1500)",13.344935459670523
1227,1.224720703300965,"(101, 0.0, 8, 2000)",17.283904797954165
1228,1.1987677066039075,"(101, 0.0, 8, 2500)",21.805643454685196
1229,1.256259990935488,"(101, 0.0, 8, 3000)",26.36512070667959
1230,1.306609270765501,"(101, 0.25, 3, 1000)",12.11859943093441
1231,1.2946467376368889,"(101, 0.25, 3, 1500)",17.76038183624405
1232,1.2758105617673958,"(101, 0.25, 3, 2000)",24.057123740592942
1233,1.3044334492372238,"(101, 0.25, 3, 2500)",29.698770374445303
1234,1.3277450557359876,"(101, 0.25, 3, 3000)",34.69079310359302
1235,0.9108380015939475,"(101, 0.25, 4, 1000)",11.740595243252756
1236,0.9139097111409201,"(101, 0.25, 4, 1500)",17.369295259592036
1237,1.0324479438364507,"(101, 0.25, 4, 2000)",22.961304020478565
1238,1.0360909787390162,"(101, 0.25, 4, 2500)",29.211478833203728
1239,1.016466926169746,"(101, 0.25, 4, 3000)",34.28472082345252
1240,1.2670698226265171,"(101, 0.25, 5, 1000)",10.335734010885062
1241,1.1378499088261058,"(101, 0.25, 5, 1500)",15.163284439782728
1242,1.1812762176234495,"(101, 0.25, 5, 2000)",20.038900474781258
1243,1.1702495430322255,"(101, 0.25, 5, 2500)",24.889600493916078
1244,1.192526921323117,"(101, 0.25, 5, 3000)",29.567417926020426
1245,1.0872387801680494,"(101, 0.25, 6, 1000)",10.230253845107654
1246,1.0740369429537917,"(101, 0.25, 6, 1500)",15.135111306044564
1247,1.1113391202217078,"(101, 0.25, 6, 2000)",19.791721014822542
1248,1.0826909073025863,"(101, 0.25, 6, 2500)",24.128134162307106
1249,1.1194284171961688,"(101, 0.25, 6, 3000)",29.480673381669476
1250,1.2185008194407119,"(101, 0.25, 7, 1000)",8.854306064036791
1251,1.1906598060227491,"(101, 0.25, 7, 1500)",13.689851643157454
1252,1.195805243336979,"(101, 0.25, 7, 2000)",17.59465183424254
1253,1.1748410037581754,"(101, 0.25, 7, 2500)",22.247486202853906
1254,1.2659149506896297,"(101, 0.25, 7, 3000)",26.177724263845448
1255,1.1548567033263253,"(101, 0.25, 8, 1000)",8.909847201251978
1256,1.2015365721219602,"(101, 0.25, 8, 1500)",12.995462272443547
1257,1.2814213930081357,"(101, 0.25, 8, 2000)",17.277879451161425
1258,1.1875082437989903,"(101, 0.25, 8, 2500)",21.856540705593943
1259,1.2641152785159648,"(101, 0.25, 8, 3000)",26.258853010647726
1260,1.4373728240169037,"(101, 0.5, 3, 1000)",13.344860589822929
1261,1.2023461885226425,"(101, 0.5, 3, 1500)",19.819757539014972
1262,1.421001543630572,"(101, 0.5, 3, 2000)",26.20668828021735
1263,1.3024459973936353,"(101, 0.5, 3, 2500)",33.53864192236506
1264,1.3835520474897587,"(101, 0.5, 3, 3000)",39.07471787615577
1265,1.114624985603287,"(101, 0.5, 4, 1000)",13.155547143560398
1266,1.1618793203454356,"(101, 0.5, 4, 1500)",20.261263372856774
1267,1.304944944337887,"(101, 0.5, 4, 2000)",26.002650336846273
1268,1.215971090003629,"(101, 0.5, 4, 2500)",31.345181021610188
1269,1.209930052794516,"(101, 0.5, 4, 3000)",38.295362958142505
1270,1.1742564085432712,"(101, 0.5, 5, 1000)",12.039331255793513
1271,1.2857498415386277,"(101, 0.5, 5, 1500)",17.911012991873577
1272,1.2096381357268378,"(101, 0.5, 5, 2000)",24.17743540031006
1273,1.3263348777723662,"(101, 0.5, 5, 2500)",29.397734907648555
1274,1.2680810320684137,"(101, 0.5, 5, 3000)",35.8138796969979
1275,1.1769997382591315,"(101, 0.5, 6, 1000)",11.218117107062426
1276,1.1394253395826501,"(101, 0.5, 6, 1500)",16.505664267391694
1277,1.2164199966197724,"(101, 0.5, 6, 2000)",22.227626695574145
1278,1.1872920275076895,"(101, 0.5, 6, 2500)",27.611743671335716
1279,1.1109952855033471,"(101, 0.5, 6, 3000)",32.65450413391227
1280,1.0514278630205594,"(101, 0.5, 7, 1000)",10.508752648729569
1281,1.1451580798253418,"(101, 0.5, 7, 1500)",15.609272128160228
1282,1.1012400534825728,"(101, 0.5, 7, 2000)",20.230241273678985
1283,1.103197975566282,"(101, 0.5, 7, 2500)",25.120511126409838
1284,1.0338585978168446,"(101, 0.5, 7, 3000)",30.513806643026328
1285,1.087421719549114,"(101, 0.5, 8, 1000)",10.2206710629398
1286,1.1183127694900203,"(101, 0.5, 8, 1500)",15.413656484270177
1287,1.0209394748288534,"(101, 0.5, 8, 2000)",20.482002600885608
1288,1.1359984294991592,"(101, 0.5, 8, 2500)",25.77456408566286
1289,1.075405494590728,"(101, 0.5, 8, 3000)",30.827549870169605
1290,1.1036619543422335,"(101, 0.75, 3, 1000)",12.167663767322665
1291,1.0983909930376445,"(101, 0.75, 3, 1500)",18.70503457840823
1292,1.1163245986578714,"(101, 0.75, 3, 2000)",23.329994733965577
1293,1.1724686516225442,"(101, 0.75, 3, 2500)",29.80986522029707
1294,1.1359071071022566,"(101, 0.75, 3, 3000)",35.919691189803416
1295,1.0561007658279886,"(101, 0.75, 4, 1000)",12.017626541914069
1296,1.1659108889217298,"(101, 0.75, 4, 1500)",17.380919642029767
1297,1.0727249184961478,"(101, 0.75, 4, 2000)",23.014475303432846
1298,1.0875071863612153,"(101, 0.75, 4, 2500)",28.34711311074352
1299,1.1307247000550409,"(101, 0.75, 4, 3000)",33.61392970335146
1300,1.0464044908034231,"(101, 0.75, 5, 1000)",11.07340318392744
1301,1.0183446547405124,"(101, 0.75, 5, 1500)",16.30019346033805
1302,1.0619839880035964,"(101, 0.75, 5, 2000)",21.85802748673086
1303,1.0526401193691795,"(101, 0.75, 5, 2500)",26.967981405465252
1304,1.0273587617119224,"(101, 0.75, 5, 3000)",31.72454851105431
1305,1.0677680387075217,"(101, 0.75, 6, 1000)",10.673409050592454
1306,1.0419604599225052,"(101, 0.75, 6, 1500)",15.792446246661711
1307,0.975782246897271,"(101, 0.75, 6, 2000)",21.162946687349176
1308,0.9612925149472978,"(101, 0.75, 6, 2500)",26.356690305612574
1309,1.0166247551215588,"(101, 0.75, 6, 3000)",31.54278909749337
1310,1.1033869343166076,"(101, 0.75, 7, 1000)",10.292593332393153
1311,1.0460940596123691,"(101, 0.75, 7, 1500)",15.813307277880085
1312,1.1426854205153445,"(101, 0.75, 7, 2000)",20.778227400413016
1313,1.0504667491729969,"(101, 0.75, 7, 2500)",25.37015905652879
1314,1.109037969606117,"(101, 0.75, 7, 3000)",30.635163407641812
1315,1.1069780059168217,"(101, 0.75, 8, 1000)",10.166707779899298
1316,1.0671710271278725,"(101, 0.75, 8, 1500)",15.518213068979094
1317,1.0724791246352492,"(101, 0.75, 8, 2000)",20.57685851135102
1318,1.0678219480120734,"(101, 0.75, 8, 2500)",25.881750334192475
1319,1.0711066447718838,"(101, 0.75, 8, 3000)",31.021335113826353
1320,0.9040639698799864,"(101, 1.0, 3, 1000)",10.787966347677866
1321,0.870481603164979,"(101, 1.0, 3, 1500)",16.19398079923849
1322,1.0404033786726787,"(101, 1.0, 3, 2000)",21.90385426080684
1323,0.9738719825824613,"(101, 1.0, 3, 2500)",27.289045395435096
1324,0.9533134708235808,"(101, 1.0, 3, 3000)",32.89796692037271
1325,1.007460222598713,"(101, 1.0, 4, 1000)",11.215917944879038
1326,1.0187663230730002,"(101, 1.0, 4, 1500)",16.447917263223644
1327,0.981716558475198,"(101, 1.0, 4, 2000)",21.624735825360403
1328,0.9143066324225133,"(101, 1.0, 4, 2500)",26.96819986897026
1329,0.9043020185192719,"(101, 1.0, 4, 3000)",32.6581515248472
1330,0.9583958659101934,"(101, 1.0, 5, 1000)",10.630578467378655
1331,1.0029009841272936,"(101, 1.0, 5, 1500)",15.93062218801424
1332,0.9135096921284191,"(101, 1.0, 5, 2000)",21.02105602807569
1333,0.9267084003816468,"(101, 1.0, 5, 2500)",26.10549664831342
1334,0.9416100483935546,"(101, 1.0, 5, 3000)",31.16452901136654
1335,0.9681753901641488,"(101, 1.0, 6, 1000)",10.198692850619409
1336,0.8497322827659768,"(101, 1.0, 6, 1500)",16.223508015678817
1337,0.9684300001710653,"(101, 1.0, 6, 2000)",21.251395638271788
1338,1.0648832633050487,"(101, 1.0, 6, 2500)",25.870036554919352
1339,0.9224687061519089,"(101, 1.0, 6, 3000)",31.800624660394533
1340,0.9539810477892922,"(101, 1.0, 7, 1000)",10.321236637617403
1341,1.0306127125219278,"(101, 1.0, 7, 1500)",15.463724858887872
1342,0.9947201660094673,"(101, 1.0, 7, 2000)",20.604121473534178
1343,0.8976465210099431,"(101, 1.0, 7, 2500)",25.712955138144025
1344,0.8809543457347899,"(101, 1.0, 7, 3000)",31.398106463253498
1345,1.0310759730856207,"(101, 1.0, 8, 1000)",10.431296156351891
1346,0.9902148512123592,"(101, 1.0, 8, 1500)",15.289018297022267
1347,1.026111938670168,"(101, 1.0, 8, 2000)",20.274522320571123
1348,0.9623614875243648,"(101, 1.0, 8, 2500)",25.291564989405742
1349,0.9931476863292867,"(101, 1.0, 8, 3000)",30.386468671291368
